Workbook
Name b: '[1]Data & Results'!$D$6
Name b: '[1]Data & Results'!$D$6
Name b: '[2]Data & Results'!$D$4
Name b: '[1]Data & Results'!$D$6
Name b: 'Data & Results'!$D$5
Name Ba: '[1]Data & Results'!$D$5
Name Ba: '[1]Data & Results'!$D$5
Name Ba: '[1]Data & Results'!$D$5
Name Ba: 'Data & Results'!$D$7
Name col: [2]Graph!$A$14
Name col: Graph!$A$14
Name D: '[2]Data & Results'!$D$4
Name D: #REF!
Name Da: '[2]Data & Results'!$D$6
Name gn: '[2]Data & Results'!$D$10
Name gn: 'Data & Results'!$D$11
Name hi: '[2]Data & Results'!$D$13
Name hi: 'Data & Results'!$D$14
Name k: '[2]Data & Results'!$D$8
Name k: 'Data & Results'!$D$9
Name L: '[2]Data & Results'!$D$5
Name L: 'Data & Results'!$D$6
Name nu: '[2]Data & Results'!$D$9
Name nu: 'Data & Results'!$D$10
Name Num: '[2]Data & Results'!$D$15
Name Num: 'Data & Results'!$D$16
Name p: '[3]Data & Results'!#REF!
Name p: '[3]Data & Results'!#REF!
Name p: '[3]Data & Results'!#REF!
Name p: '[3]Data & Results'!#REF!
Name p: '[3]Data & Results'!#REF!
Name p: '[3]Data & Results'!#REF!
Name Ratio: [2]Graph!$B$17
Name Ratio: Graph!$B$17
Name rho: '[2]Data & Results'!$D$7
Name rho: 'Data & Results'!$D$8
Name step: '[2]Data & Results'!$D$14
Name step: 'Data & Results'!$D$15
Name x: [1]Graph!$B$1

Sheet Rect flume Quality check
A1: Date | B1: Comments | C1: SIRIS l/s | D1: Refernece l/s | E1: Error | F1: Revision
A2: 11th May 2016 | B2: Updated to v3.1 and checked against BS/ISO Annexe D Flume 2 software B=500 b =200 L=1200 H=300 ks0.6mm | C2: 54.77 | D2: 53.1 | E2: =(C2-D2)/D2 -> 0.031450094 | F2: 3.1
A3: 11th May 2016 | B3: Checked against BS/ISO 4359:2013 example p55 Section 14.3 B-500 b=200 L=1200 ks=0.6mm | C3: 54.77 | D3: 54.9 | E3: =(C3-D3)/D3 -> -0.0023679417 | F3: 3.1
A4: 11th May 2016 | B4: Checked against BS/ISO Annexe D Flume 2 software B=200 b =100 L=600 H=300 ks0.6mm | C4: 28.21 | D4: 27.7 | E4: =(C4-D4)/D4 -> 0.018411552 | F4: 3.1
A5: 11th May 2016 | B5: Checked against Tyler-HR Wallingford (b=100 B=200 L=600 Ks=1.5 H=295mm) | C5: 27.5 | D5: 26.37 | E5: =(C5-D5)/D5 -> 0.042851725 | F5: 3.1

Sheet Input Data
A1: Appendix A - Survey Data (Tariff)
A3: Site Details | F3: Secondary Device
A4: Site name / flow location | C4: Ballyrickard WwTW | F4: Manufacturer | H4: Pulsar
A5: Consent Reference | C5: 2025/2006 | F5: Model | H5: Ultra 5
A6: Max Daily Volume M3 | C6: 31577 | F6: Serial no | H6: F261255
C7: M3/Day | D7: L/Sec | E7: M3/Hr | F7: MCERTS accredited? | H7: No
A8: Q Max Instrument | C8: =D8*86.4 -> 38993.184 | D8: 451.31 | E8: =C8/24 -> 1624.716 | F8: Telemetry U(t) | H8: 2
A9: FFT | C9: 31577 | D9: =C9/86.4 -> 365.47454 | E9: =C9/24 -> 1315.7083 | F9: Look Up Table U(lu) | H9: 1
A10: DWF | C10: 14778 | D10: =C10/86.4 -> 171.04167 | E10: =C10/24 -> 615.75 | F10: Include % Uncertainty above if required enter 0 if not required
A21: Measurement | C21: Approach Channel Width - B | G21: Throat Width - b
A22: Height | C22: 1 | D22: 2 | E22: 3 | F22: 4 | G22: 5 | H22: 6 | I22: 7 | J22: 8
A23: A | B23: (h Max) | C23: 1046 | D23: 1046 | E23: 1042 | F23: 1027 | G23: 650 | H23: 650 | I23: 652 | J23: 654
A24: B | B24: (.5h Max) | C24: 1046 | D24: 1047 | E24: 1043 | F24: 1029 | G24: 648 | H24: 650 | I24: 651 | J24: 654
A25: C | B25: (Zero) | C25: 1045 | D25: 1046 | E25: 1041 | F25: 1036 | G25: 649 | H25: 649 | I25: 650 | J25: 654
G26: u(br) Uncertainty in equipment | J26: 1
G27: u(bm) Uncertainty in measurements | J27: =(((MAX(G23:J25)-MIN(G23:J25))/2)*((1/(SQRT(3))))) -> 1.7320508
A38: Staff | B38: Approach Channel & Flume Levels
A39: Location | B39: 1 | C39: 2 | D39: 3 | E39: 4 | F39: 5 | G39: 6 | H39: 7 | I39: 8 | J39: 9
A40: A | B40: 2388 | C40: 2388 | D40: 2390 | E40: 2390 | F40: 2388 | G40: 2389 | H40: 2386 | I40: 2386 | J40: 2390
A41: B | D41: 2390 | E41: 2391 | F41: 2389 | G41: 2390 | H41: 2387 | I41: 2388 | J41: 2385
G42: (Uh0) Uncertainty in gauge zero (mm) | J42: =SQRT((((MIN(D40:I41))-MAX(D40:I41))+(C70))^2) -> 17
A59: Appendix B - Survey & Compliance Data (Tariff)
A61: Primary Device (Dimensions in mm) | G61: Sensor Location
A62: Fabriacation Material | C62: Stainless Steel flume and concrete approach | G62: Sensor Type | I62: dB6
A63: Overall Length (mm) | C63: =SUM(C65+C66+C67) -> 2400 | D63: K-Factor (0.6mm or 1.5mm) | F63: 0.6 | G63: Sensor Serial No | I63: 95573/2008 | L63: target | M63: 1993 | N63: 1994
A64: Throat Width (b) | C64: =AVERAGE(G23:J25) -> 650.91667 | D64: Approach Width (B) | F64: =AVERAGE(C23:F25) -> 1041.1667 | G64: Temp Compensation | I64: Built in | L64: base below | M64: 2636 | P64: =M64-M63 -> 643
A65: Throat Length(L) | C65: 1000 | D65: Approach length | F65: 11000 | G65: Distance Upstream | I65: 2100 | L65: upstream | M65: 2628 | P65: =M66-N63 -> 605
A66: Outlet Length | C66: 900 | D66: Offset | F66: 0 | G66: Sun Shading | I66: Yes | L66: exit | M66: 2599 | P66: =M68-M63 -> 610
A67: Inlet Length | C67: 500 | D67: Numerical Coefficient у | F67: 1 | G67: Target Level | I67: 1756 | L67: mid flume | M67: 2602
A68: Flume Depth | C68: 570 | D68: Numerical Coefficient Ø | F68: 1.5 | G68: Zero level | I68: =AVERAGE(I40:I41)-C70 -> 2365 | L68: flume entry | M68: 2603 | P68: 608
A69: Scum Mark | C69: 450 | D69: Numerical Coefficient ѱ | F69: 0 | G69: Target Reference Height | I69: =SUM((I68-I67)^2)^0.5 -> 609 | L69: flume start | M69: 2613 | P69: 608.344
A70: Hump Height (p) | C70: 22 | D70: Flume Cheek Staggered | F70: 0 | G70: Instrument Reading | I70: =J87 -> 608.0662
A71: Vertical Skew (b) | C71: 0 | D71: Vertical Skew (B) | F71: 0 | G71: Head calibration eror U(h1) | I71: =SUM(I70-I69) -> -0.9338
A72: Estimated inlet radius | C72: 781 | D72: Required inlet radius | F72: =SUM(C100-C101)*2 -> 780.5
A74: Instrument Flow / Head Listing | G74: mA Output Checks | L74: Site flow meter curve or check points
A75: Point No | B75: Level mm | C75: Flow L/sec | D75: Point No | E75: Level mm | F75: Flow L/sec | G75: Site Meter | H75: Dvm Output | I75: Calc Output | J75: % Diff | L75: Stage | M75: head (H) | N75: Flow (Q)
A76: 1 | B76: =M76 -> 157.8 | C76: =N76 -> 71.93 | D76: 12 | E76: =M87 -> 0 | F76: =N87 -> 0 | G76: 112.4 | H76: 7.99 | I76: =(G76/$C$96)*16+4 -> 7.9848441 | J76: =(I76-H76)/H76*100 -> -0.064529156 | L76: 1 | M76: 157.8 | N76: 71.93
A77: 2 | B77: =M77 -> 315.6 | C77: =N77 -> 207.8 | D77: 13 | E77: =M88 -> 0 | F77: =N88 -> 0 | G77: 338.2 | H77: 15.998 | I77: =(G77/$C$96)*16+4 -> 15.989985 | J77: =(I77-H77)/H77*100 -> -0.050101818 | L77: 2 | M77: 315.6 | N77: 207.8
A78: 3 | B78: =M78 -> 0 | C78: =N78 -> 0 | D78: 14 | E78: =M89 -> 0 | F78: =N89 -> 0 | G78: 451.1 | H78: 19.997 | I78: =(G78/$C$96)*16+4 -> 19.992555 | J78: =(I78-H78)/H78*100 -> -0.022228302 | L78: 3
A79: 4 | B79: =M79 -> 0 | C79: =N79 -> 0 | D79: 15 | E79: =M90 -> 0 | F79: =N90 -> 0 | G79: Mean Error % | J79: =AVERAGE(J76:J78) -> -0.045619758 | L79: 4
A80: 5 | B80: =M80 -> 0 | C80: =N80 -> 0 | D80: 16 | E80: =M91 -> 0 | F80: =N91 -> 0 | G80: Flow Meter Verification | L80: 5
A81: 6 | B81: =M81 -> 0 | C81: =N81 -> 0 | D81: 17 | E81: =M92 -> 0 | F81: =N92 -> 0 | G81: 608.344 | H81: 607.95 | I81: 607.728 | J81: 607.783 | L81: 6
A82: 7 | B82: =M82 -> 0 | C82: =N82 -> 0 | D82: 18 | E82: =M93 -> 0 | F82: =N93 -> 0 | G82: 608.43 | H82: 607.794 | I82: 607.728 | J82: 607.783 | L82: 7
A83: 8 | B83: =M83 -> 0 | C83: =N83 -> 0 | D83: 19 | E83: =M94 -> 0 | F83: =N94 -> 0 | G83: 608.628 | H83: 607.794 | I83: 607.7 | J83: 608.149 | L83: 8
A84: 9 | B84: =M84 -> 0 | C84: =N84 -> 0 | D84: 20 | E84: =M95 -> 0 | F84: =N95 -> 0 | G84: 608.5 | H84: 608.93 | I84: 607.621 | J84: 608.149 | L84: 9
A85: 10 | B85: =M85 -> 0 | C85: =N85 -> 0 | D85: 21 | E85: =M96 -> 0 | F85: =N96 -> 0 | G85: 607.85 | H85: 608.93 | I85: 607.621 | J85: 607.912 | L85: 10
A86: 11 | B86: =M86 -> 0 | C86: =N86 -> 0 | G86: Instrument Repeatability U(h2) | J86: =STDEVA(G81:J85) -> 0.42122735 | L86: 11
G87: Average head reading | J87: =AVERAGE(G81:J85) -> 608.0662 | L87: 12
L88: 13
L89: 14
L90: 15
A91: Instrument Critical Parameters | F91: Comparison with published standards | L91: 16
A92: Calibration Units | C92: mm & l/s | F92: Throat Width variation | I92: =SUM(((MIN(G23:J25))-((MAX(G23:J25))))/C64)*-1 -> 0.0092177698 | L92: 17
A93: Function | C93: OCM | F93: Throat Width <100mm | I93: =C64 -> 650.91667 | L93: 18
A94: Empty Distance (mm) | C94: 1155 | F94: Throat Level Variation (Transverse) | I94: =SUM((MIN(F40:I41)-(MAX(F40:I41)))/C64)*-1 -> 0.0061451799 | L94: 19
A95: Calibrated H Max (mm) | C95: 526 | F95: Throat Level Variation (Longitudinal) | I95: =SUM((MIN(F40:I41)-(MAX(F40:I41)))/C65)*-1 -> 0.004 | L95: 20
A96: Calibrated Q Max (L/sec) | C96: 451.31 | F96: Approach Level Variation | I96: =SUM((MIN(B40:F41)-(MAX(B40:F41)))/F65)*-1 -> 0.00027272727 | L96: 21
A97: Analogue Output | C97: 4-20mA | F97: Overall Level Variation | I97: =SUM((MIN(B40:I41))-(MAX(B40:I41)))/(C63+F65)*-1 -> 0.00037313433
A98: Totalizer | C98: m3 | F98: Channel Width Variation | I98: =SUM(((MIN(C23:F25))-(MAX(C23:F25)))/F64)*-1 -> 0.01920922
A99: Calculation Method | C99: 11 Point Curve | F99: Flume Centrality | I99: =SUM(F66/F64) -> 0
A100: B mm | C100: =F64 -> 1041.1667 | F100: Staggered Flume Cheeks | I100: =SUM(K55/H39) -> 0
A101: b mm | C101: =AVERAGE(G23:J25) -> 650.91667 | F101: Vertical Skew b | I101: =SUM(C71/C95) -> 0
A102: L mm | C102: =C65 -> 1000 | F102: Vertical Skew B | I102: =SUM(F71/C95) -> 0
A103: p mm | C103: =C70 -> 22 | F103: R≥2(B-b) | I103: =C72 -> 781
A104: Compliance Checks Flow Meter | F104: Ratio Hmax /L | I104: =SUM(C95/C65) -> 0.526
A105: Sensor Location | D105: =I65 -> 2100 | F105: Ratio bh/B(h+p) | I105: =SUM(((C101*C95))/(((C100)*(C95+C103)))) -> 0.60008162 | J105: =SUM(((I84*I78))/(((I83)*(I78+I86)))) -> 0.99987
A107: Compliant | D107: Note :-
A108: Caution | D108: Dimensions are listed in mm but may be differently programmed into the flow meter.
A109: Non-Compliant | D109: See "Instrument Critical Parameters - Calibration Units"

Sheet Data & Results
B1: Appendix C - Stage discharge Relationship and Flow Uncertainty (Tariff)
B4: Primary Device Critical Dimensions | F4: Stage | G4: Head | O4: Flow Rate | P4: Uncertainty
B5: Throat breadth in metres | C5: b | D5: ='Input Data'!C101/1000 -> 0.65091667 | E5: M | F5: 0 | G5: (mm) | H5: CD | I5: Cv | J5: δ*/L | K5: Re/105 | L5: Uc | M5: Uh | N5: Ub | O5: (Q) l/s | P5: U(Q) (±%)
B6: Length of throat in metres | C6: L | D6: ='Input Data'!C102/1000 -> 1 | E6: M | F6: =IF(F5>=Num,"",F5+1) -> 1 | G6: =hi -> 0 | H6: 0 | I6: 0 | J6: 0 | K6: 0 | L6: 0 | M6: 0 | N6: 0 | O6: 0 | P6: 100 | Q6: 8
B7: Approach breadth in metres | C7: B | D7: ='Input Data'!C100/1000 -> 1.0411667 | E7: M | F7: =IF(F6>=Num,"",F6+1) -> 2 | G7: =IF(AND(F6<>"",G6<2000),G6+step,"") -> 27.684211 | H7: =SUM((((1-(0.006*(L/b)))*((1-((0.003*(L/(G7/1000)))))^(1.5))))) -> 0.83417824 | I7: =IF(G7<>"",VLOOKUP(G7,Calculations!$AV$2:$BA$2001,4),"") -> 1.0218719 | J7: =IF(G7<>"",VLOOKUP(G7,Calculations!$AV$2:$BA$2001,5),"") -> 0.0027333333 | K7: =IF(G7<>"",VLOOKUP(G7,Calculations!$AV$2:$BA$2001,6),"") -> 3.5068687 | L7: =SUM((0.5+10*(I7-H7))) -> 2.3769361 | M7: =(100*((SQRT(($D$22^2)+($D$23^2)+((($D$24))^2)))/G7)) -> 13.069399 | N7: =$D$21 -> 0.26976453 | O7: =SUM(((2/3)^(3/2))*(gn^0.5)*(H7)*(I7)*(b)*((G7/1000)^(3/2)))*1000 -> 4.3573908 | P7: =(SQRT((L7^2)+((1.5^2)*(M7^2))+(N7^2)+($D$25^2)+($D$26^2)+($D$27^2)+($D$28^2))*2+IF(G7/1000>=$D$6/2,2,0)) -> 39.751392 | Q7: 8
B8: Height of hump in metres | C8: p | D8: ='Input Data'!C103/1000 -> 0.022 | E8: M | F8: =IF(F7>=Num,"",F7+1) -> 3 | G8: =IF(AND(F7<>"",G7<2000),G7+step,"") -> 55.368421 | H8: =SUM((((1-(0.006*(L/b)))*((1-((0.003*(L/(G8/1000)))))^(1.5))))) -> 0.91135844 | I8: =IF(G8<>"",VLOOKUP(G8,Calculations!$AV$2:$BA$2001,4),"") -> 1.0423046 | J8: =IF(G8<>"",VLOOKUP(G8,Calculations!$AV$2:$BA$2001,5),"") -> 0.0029666667 | K8: =IF(G8<>"",VLOOKUP(G8,Calculations!$AV$2:$BA$2001,6),"") -> 5.1679301 | L8: =SUM((0.5+10*(I8-H8))) -> 1.8094613 | M8: =(100*((SQRT(($D$22^2)+($D$23^2)+((($D$24))^2)))/G8)) -> 6.5346996 | N8: =$D$21 -> 0.26976453 | O8: =SUM(((2/3)^(3/2))*(gn^0.5)*(H8)*(I8)*(b)*((G8/1000)^(3/2)))*1000 -> 13.734096 | P8: =(SQRT((L8^2)+((1.5^2)*(M8^2))+(N8^2)+($D$25^2)+($D$26^2)+($D$27^2)+($D$28^2))*2+IF(G8/1000>=$D$6/2,2,0)) -> 20.437915 | Q8: 8
B9: Roughness value | C9: ks | D9: ='Input Data'!F63/1000 -> 0.0006 | E9: M | F9: =IF(F8>=Num,"",F8+1) -> 4 | G9: =IF(AND(F8<>"",G8<2000),G8+step,"") -> 83.052632 | H9: =SUM((((1-(0.006*(L/b)))*((1-((0.003*(L/(G9/1000)))))^(1.5))))) -> 0.9375869 | I9: =IF(G9<>"",VLOOKUP(G9,Calculations!$AV$2:$BA$2001,4),"") -> 1.053262 | J9: =IF(G9<>"",VLOOKUP(G9,Calculations!$AV$2:$BA$2001,5),"") -> 0.0039666667 | K9: =IF(G9<>"",VLOOKUP(G9,Calculations!$AV$2:$BA$2001,6),"") -> 6.3847705 | L9: =SUM((0.5+10*(I9-H9))) -> 1.6567511 | M9: =(100*((SQRT(($D$22^2)+($D$23^2)+((($D$24))^2)))/G9)) -> 4.3564664 | N9: =$D$21 -> 0.26976453 | O9: =SUM(((2/3)^(3/2))*(gn^0.5)*(H9)*(I9)*(b)*((G9/1000)^(3/2)))*1000 -> 26.230167 | P9: =(SQRT((L9^2)+((1.5^2)*(M9^2))+(N9^2)+($D$25^2)+($D$26^2)+($D$27^2)+($D$28^2))*2+IF(G9/1000>=$D$6/2,2,0)) -> 14.21547 | Q9: 8
B10: Viscosity | C10: nu | D10: 1.141e-06 | E10: m2/s | F10: =IF(F9>=Num,"",F9+1) -> 5 | G10: =IF(AND(F9<>"",G9<2000),G9+step,"") -> 110.73684 | H10: =SUM((((1-(0.006*(L/b)))*((1-((0.003*(L/(G10/1000)))))^(1.5))))) -> 0.95079386 | I10: =IF(G10<>"",VLOOKUP(G10,Calculations!$AV$2:$BA$2001,4),"") -> 1.061394 | J10: =IF(G10<>"",VLOOKUP(G10,Calculations!$AV$2:$BA$2001,5),"") -> 0.0041 | K10: =IF(G10<>"",VLOOKUP(G10,Calculations!$AV$2:$BA$2001,6),"") -> 7.4086908 | L10: =SUM((0.5+10*(I10-H10))) -> 1.6060011 | M10: =(100*((SQRT(($D$22^2)+($D$23^2)+((($D$24))^2)))/G10)) -> 3.2673498 | N10: =$D$21 -> 0.26976453 | O10: =SUM(((2/3)^(3/2))*(gn^0.5)*(H10)*(I10)*(b)*((G10/1000)^(3/2)))*1000 -> 41.269024 | P10: =(SQRT((L10^2)+((1.5^2)*(M10^2))+(N10^2)+($D$25^2)+($D$26^2)+($D$27^2)+($D$28^2))*2+IF(G10/1000>=$D$6/2,2,0)) -> 11.255586 | Q10: 8
B11: Gravity constant | C11: gn | D11: 9.81 | E11: m/s2 | F11: =IF(F10>=Num,"",F10+1) -> 6 | G11: =IF(AND(F10<>"",G10<2000),G10+step,"") -> 138.42105 | H11: =SUM((((1-(0.006*(L/b)))*((1-((0.003*(L/(G11/1000)))))^(1.5))))) -> 0.95874755 | I11: =IF(G11<>"",VLOOKUP(G11,Calculations!$AV$2:$BA$2001,4),"") -> 1.067257 | J11: =IF(G11<>"",VLOOKUP(G11,Calculations!$AV$2:$BA$2001,5),"") -> 0.0043 | K11: =IF(G11<>"",VLOOKUP(G11,Calculations!$AV$2:$BA$2001,6),"") -> 8.3380891 | L11: =SUM((0.5+10*(I11-H11))) -> 1.5850943 | M11: =(100*((SQRT(($D$22^2)+($D$23^2)+((($D$24))^2)))/G11)) -> 2.6138798 | N11: =$D$21 -> 0.26976453 | O11: =SUM(((2/3)^(3/2))*(gn^0.5)*(H11)*(I11)*(b)*((G11/1000)^(3/2)))*1000 -> 58.47894 | P11: =(SQRT((L11^2)+((1.5^2)*(M11^2))+(N11^2)+($D$25^2)+($D$26^2)+($D$27^2)+($D$28^2))*2+IF(G11/1000>=$D$6/2,2,0)) -> 9.5829274 | Q11: 8
F12: =IF(F11>=Num,"",F11+1) -> 7 | G12: =IF(AND(F11<>"",G11<2000),G11+step,"") -> 166.10526 | H12: =SUM((((1-(0.006*(L/b)))*((1-((0.003*(L/(G12/1000)))))^(1.5))))) -> 0.96406226 | I12: =IF(G12<>"",VLOOKUP(G12,Calculations!$AV$2:$BA$2001,4),"") -> 1.07141 | J12: =IF(G12<>"",VLOOKUP(G12,Calculations!$AV$2:$BA$2001,5),"") -> 0.0046 | K12: =IF(G12<>"",VLOOKUP(G12,Calculations!$AV$2:$BA$2001,6),"") -> 9.1702153 | L12: =SUM((0.5+10*(I12-H12))) -> 1.5734773 | M12: =(100*((SQRT(($D$22^2)+($D$23^2)+((($D$24))^2)))/G12)) -> 2.1782332 | N12: =$D$21 -> 0.26976453 | O12: =SUM(((2/3)^(3/2))*(gn^0.5)*(H12)*(I12)*(b)*((G12/1000)^(3/2)))*1000 -> 77.59949 | P12: =(SQRT((L12^2)+((1.5^2)*(M12^2))+(N12^2)+($D$25^2)+($D$26^2)+($D$27^2)+($D$28^2))*2+IF(G12/1000>=$D$6/2,2,0)) -> 8.5379572 | Q12: 8
B13: Table format | F13: =IF(F12>=Num,"",F12+1) -> 8 | G13: =IF(AND(F12<>"",G12<2000),G12+step,"") -> 193.78947 | H13: =SUM((((1-(0.006*(L/b)))*((1-((0.003*(L/(G13/1000)))))^(1.5))))) -> 0.96786447 | I13: =IF(G13<>"",VLOOKUP(G13,Calculations!$AV$2:$BA$2001,4),"") -> 1.0748775 | J13: =IF(G13<>"",VLOOKUP(G13,Calculations!$AV$2:$BA$2001,5),"") -> 0.0046 | K13: =IF(G13<>"",VLOOKUP(G13,Calculations!$AV$2:$BA$2001,6),"") -> 9.9182713 | L13: =SUM((0.5+10*(I13-H13))) -> 1.5701307 | M13: =(100*((SQRT(($D$22^2)+($D$23^2)+((($D$24))^2)))/G13)) -> 1.867057 | N13: =$D$21 -> 0.26976453 | O13: =SUM(((2/3)^(3/2))*(gn^0.5)*(H13)*(I13)*(b)*((G13/1000)^(3/2)))*1000 -> 98.489928 | P13: =(SQRT((L13^2)+((1.5^2)*(M13^2))+(N13^2)+($D$25^2)+($D$26^2)+($D$27^2)+($D$28^2))*2+IF(G13/1000>=$D$6/2,2,0)) -> 7.8438161 | Q13: 8
B14: Initial gauged height | D14: 0 | E14: mm | F14: =IF(F13>=Num,"",F13+1) -> 9 | G14: =IF(AND(F13<>"",G13<2000),G13+step,"") -> 221.47368 | H14: =SUM((((1-(0.006*(L/b)))*((1-((0.003*(L/(G14/1000)))))^(1.5))))) -> 0.97071941 | I14: =IF(G14<>"",VLOOKUP(G14,Calculations!$AV$2:$BA$2001,4),"") -> 1.0775586 | J14: =IF(G14<>"",VLOOKUP(G14,Calculations!$AV$2:$BA$2001,5),"") -> 0.0047333333 | K14: =IF(G14<>"",VLOOKUP(G14,Calculations!$AV$2:$BA$2001,6),"") -> 10.633857 | L14: =SUM((0.5+10*(I14-H14))) -> 1.5683923 | M14: =(100*((SQRT(($D$22^2)+($D$23^2)+((($D$24))^2)))/G14)) -> 1.6336749 | N14: =$D$21 -> 0.26976453 | O14: =SUM(((2/3)^(3/2))*(gn^0.5)*(H14)*(I14)*(b)*((G14/1000)^(3/2)))*1000 -> 120.98759 | P14: =(SQRT((L14^2)+((1.5^2)*(M14^2))+(N14^2)+($D$25^2)+($D$26^2)+($D$27^2)+($D$28^2))*2+IF(G14/1000>=$D$6/2,2,0)) -> 7.3587059 | Q14: 8
B15: Step size between stages | D15: =P27/19 -> 27.684211 | E15: mm | F15: =IF(F14>=Num,"",F14+1) -> 10 | G15: =IF(AND(F14<>"",G14<2000),G14+step,"") -> 249.15789 | H15: =SUM((((1-(0.006*(L/b)))*((1-((0.003*(L/(G15/1000)))))^(1.5))))) -> 0.97294185 | I15: =IF(G15<>"",VLOOKUP(G15,Calculations!$AV$2:$BA$2001,4),"") -> 1.0798971 | J15: =IF(G15<>"",VLOOKUP(G15,Calculations!$AV$2:$BA$2001,5),"") -> 0.0047333333 | K15: =IF(G15<>"",VLOOKUP(G15,Calculations!$AV$2:$BA$2001,6),"") -> 11.309462 | L15: =SUM((0.5+10*(I15-H15))) -> 1.5695523 | M15: =(100*((SQRT(($D$22^2)+($D$23^2)+((($D$24))^2)))/G15)) -> 1.4521555 | N15: =$D$21 -> 0.26976453 | O15: =SUM(((2/3)^(3/2))*(gn^0.5)*(H15)*(I15)*(b)*((G15/1000)^(3/2)))*1000 -> 145.0121 | P15: =(SQRT((L15^2)+((1.5^2)*(M15^2))+(N15^2)+($D$25^2)+($D$26^2)+($D$27^2)+($D$28^2))*2+IF(G15/1000>=$D$6/2,2,0)) -> 7.0088422 | Q15: 8
B16: Number of stages | D16: 20 | F16: =IF(F15>=Num,"",F15+1) -> 11 | G16: =IF(AND(F15<>"",G15<2000),G15+step,"") -> 276.84211 | H16: =SUM((((1-(0.006*(L/b)))*((1-((0.003*(L/(G16/1000)))))^(1.5))))) -> 0.97472102 | I16: =IF(G16<>"",VLOOKUP(G16,Calculations!$AV$2:$BA$2001,4),"") -> 1.0817718 | J16: =IF(G16<>"",VLOOKUP(G16,Calculations!$AV$2:$BA$2001,5),"") -> 0.0047333333 | K16: =IF(G16<>"",VLOOKUP(G16,Calculations!$AV$2:$BA$2001,6),"") -> 11.925021 | L16: =SUM((0.5+10*(I16-H16))) -> 1.5705078 | M16: =(100*((SQRT(($D$22^2)+($D$23^2)+((($D$24))^2)))/G16)) -> 1.3069399 | N16: =$D$21 -> 0.26976453 | O16: =SUM(((2/3)^(3/2))*(gn^0.5)*(H16)*(I16)*(b)*((G16/1000)^(3/2)))*1000 -> 170.44616 | P16: =(SQRT((L16^2)+((1.5^2)*(M16^2))+(N16^2)+($D$25^2)+($D$26^2)+($D$27^2)+($D$28^2))*2+IF(G16/1000>=$D$6/2,2,0)) -> 6.7475847 | Q16: 8
F17: =IF(F16>=Num,"",F16+1) -> 12 | G17: =IF(AND(F16<>"",G16<2000),G16+step,"") -> 304.52632 | H17: =SUM((((1-(0.006*(L/b)))*((1-((0.003*(L/(G17/1000)))))^(1.5))))) -> 0.97617751 | I17: =IF(G17<>"",VLOOKUP(G17,Calculations!$AV$2:$BA$2001,4),"") -> 1.0832867 | J17: =IF(G17<>"",VLOOKUP(G17,Calculations!$AV$2:$BA$2001,5),"") -> 0.0048333333 | K17: =IF(G17<>"",VLOOKUP(G17,Calculations!$AV$2:$BA$2001,6),"") -> 12.527804 | L17: =SUM((0.5+10*(I17-H17))) -> 1.5710914 | M17: =(100*((SQRT(($D$22^2)+($D$23^2)+((($D$24))^2)))/G17)) -> 1.1881272 | N17: =$D$21 -> 0.26976453 | O17: =SUM(((2/3)^(3/2))*(gn^0.5)*(H17)*(I17)*(b)*((G17/1000)^(3/2)))*1000 -> 197.21159 | P17: =(SQRT((L17^2)+((1.5^2)*(M17^2))+(N17^2)+($D$25^2)+($D$26^2)+($D$27^2)+($D$28^2))*2+IF(G17/1000>=$D$6/2,2,0)) -> 6.5474591 | Q17: 8
B18: Uncertainties | F18: =IF(F17>=Num,"",F17+1) -> 13 | G18: =IF(AND(F17<>"",G17<2000),G17+step,"") -> 332.21053 | H18: =SUM((((1-(0.006*(L/b)))*((1-((0.003*(L/(G18/1000)))))^(1.5))))) -> 0.97739181 | I18: =IF(G18<>"",VLOOKUP(G18,Calculations!$AV$2:$BA$2001,4),"") -> 1.0846911 | J18: =IF(G18<>"",VLOOKUP(G18,Calculations!$AV$2:$BA$2001,5),"") -> 0.0048333333 | K18: =IF(G18<>"",VLOOKUP(G18,Calculations!$AV$2:$BA$2001,6),"") -> 13.106612 | L18: =SUM((0.5+10*(I18-H18))) -> 1.5729928 | M18: =(100*((SQRT(($D$22^2)+($D$23^2)+((($D$24))^2)))/G18)) -> 1.0891166 | N18: =$D$21 -> 0.26976453 | O18: =SUM(((2/3)^(3/2))*(gn^0.5)*(H18)*(I18)*(b)*((G18/1000)^(3/2)))*1000 -> 225.27752 | P18: =(SQRT((L18^2)+((1.5^2)*(M18^2))+(N18^2)+($D$25^2)+($D$26^2)+($D$27^2)+($D$28^2))*2+IF(G18/1000>=$D$6/2,2,0)) -> 6.3924871 | Q18: 8
B19: Uncertainty in equipment | C19: u(br) | D19: =(('Input Data'!J26/2)*((1/((SQRT(3)))))) -> 0.28867513 | E19: mm | F19: =IF(F18>=Num,"",F18+1) -> 14 | G19: =IF(AND(F18<>"",G18<2000),G18+step,"") -> 359.89474 | H19: =SUM((((1-(0.006*(L/b)))*((1-((0.003*(L/(G19/1000)))))^(1.5))))) -> 0.97841968 | I19: =IF(G19<>"",VLOOKUP(G19,Calculations!$AV$2:$BA$2001,4),"") -> 1.0858631 | J19: =IF(G19<>"",VLOOKUP(G19,Calculations!$AV$2:$BA$2001,5),"") -> 0.0048333333 | K19: =IF(G19<>"",VLOOKUP(G19,Calculations!$AV$2:$BA$2001,6),"") -> 13.641625 | L19: =SUM((0.5+10*(I19-H19))) -> 1.5744344 | M19: =(100*((SQRT(($D$22^2)+($D$23^2)+((($D$24))^2)))/G19)) -> 1.0053384 | N19: =$D$21 -> 0.26976453 | O19: =SUM(((2/3)^(3/2))*(gn^0.5)*(H19)*(I19)*(b)*((G19/1000)^(3/2)))*1000 -> 254.55786 | P19: =(SQRT((L19^2)+((1.5^2)*(M19^2))+(N19^2)+($D$25^2)+($D$26^2)+($D$27^2)+($D$28^2))*2+IF(G19/1000>=$D$6/2,2,0)) -> 6.2691957 | Q19: 8
B20: Uncertainty in measurements | C20: u(bm) | D20: ='Input Data'!J27 -> 1.7320508 | E20: mm | F20: =IF(F19>=Num,"",F19+1) -> 15 | G20: =IF(AND(F19<>"",G19<2000),G19+step,"") -> 387.57895 | H20: =SUM((((1-(0.006*(L/b)))*((1-((0.003*(L/(G20/1000)))))^(1.5))))) -> 0.979301 | I20: =IF(G20<>"",VLOOKUP(G20,Calculations!$AV$2:$BA$2001,4),"") -> 1.0867674 | J20: =IF(G20<>"",VLOOKUP(G20,Calculations!$AV$2:$BA$2001,5),"") -> 0.0049666667 | K20: =IF(G20<>"",VLOOKUP(G20,Calculations!$AV$2:$BA$2001,6),"") -> 14.170109 | L20: =SUM((0.5+10*(I20-H20))) -> 1.5746641 | M20: =(100*((SQRT(($D$22^2)+($D$23^2)+((($D$24))^2)))/G20)) -> 0.93352851 | N20: =$D$21 -> 0.26976453 | O20: =SUM(((2/3)^(3/2))*(gn^0.5)*(H20)*(I20)*(b)*((G20/1000)^(3/2)))*1000 -> 284.98112 | P20: =(SQRT((L20^2)+((1.5^2)*(M20^2))+(N20^2)+($D$25^2)+($D$26^2)+($D$27^2)+($D$28^2))*2+IF(G20/1000>=$D$6/2,2,0)) -> 6.1686821 | Q20: 8
B21: Combined uncertainty in throat width | C21: u(b) | D21: =SUM(SQRT((D19^2)+(D20^2)))/((b*1000))*100 -> 0.26976453 | E21: % | F21: =IF(F20>=Num,"",F20+1) -> 16 | G21: =IF(AND(F20<>"",G20<2000),G20+step,"") -> 415.26316 | H21: =SUM((((1-(0.006*(L/b)))*((1-((0.003*(L/(G21/1000)))))^(1.5))))) -> 0.98006503 | I21: =IF(G21<>"",VLOOKUP(G21,Calculations!$AV$2:$BA$2001,4),"") -> 1.0877046 | J21: =IF(G21<>"",VLOOKUP(G21,Calculations!$AV$2:$BA$2001,5),"") -> 0.0049666667 | K21: =IF(G21<>"",VLOOKUP(G21,Calculations!$AV$2:$BA$2001,6),"") -> 14.684424 | L21: =SUM((0.5+10*(I21-H21))) -> 1.5763962 | M21: =(100*((SQRT(($D$22^2)+($D$23^2)+((($D$24))^2)))/G21)) -> 0.87129328 | N21: =$D$21 -> 0.26976453 | O21: =SUM(((2/3)^(3/2))*(gn^0.5)*(H21)*(I21)*(b)*((G21/1000)^(3/2)))*1000 -> 316.57309 | P21: =(SQRT((L21^2)+((1.5^2)*(M21^2))+(N21^2)+($D$25^2)+($D$26^2)+($D$27^2)+($D$28^2))*2+IF(G21/1000>=$D$6/2,2,0)) -> 6.0879848 | Q21: 8
B22: Relative datum uncertainty | C22: u(E) | D22: =SUM((1/(SQRT(6)))*('Input Data'!J42/2)) -> 3.4701105 | E22: mm | F22: =IF(F21>=Num,"",F21+1) -> 17 | G22: =IF(AND(F21<>"",G21<2000),G21+step,"") -> 442.94737 | H22: =SUM((((1-(0.006*(L/b)))*((1-((0.003*(L/(G22/1000)))))^(1.5))))) -> 0.98073372 | I22: =IF(G22<>"",VLOOKUP(G22,Calculations!$AV$2:$BA$2001,4),"") -> 1.0885073 | J22: =IF(G22<>"",VLOOKUP(G22,Calculations!$AV$2:$BA$2001,5),"") -> 0.0049666667 | K22: =IF(G22<>"",VLOOKUP(G22,Calculations!$AV$2:$BA$2001,6),"") -> 15.163917 | L22: =SUM((0.5+10*(I22-H22))) -> 1.5777356 | M22: =(100*((SQRT(($D$22^2)+($D$23^2)+((($D$24))^2)))/G22)) -> 0.81683745 | N22: =$D$21 -> 0.26976453 | O22: =SUM(((2/3)^(3/2))*(gn^0.5)*(H22)*(I22)*(b)*((G22/1000)^(3/2)))*1000 -> 349.24777 | P22: =(SQRT((L22^2)+((1.5^2)*(M22^2))+(N22^2)+($D$25^2)+($D$26^2)+($D$27^2)+($D$28^2))*2+IF(G22/1000>=$D$6/2,2,0)) -> 6.0210548 | Q22: 8
B23: Uncertainty in flowmeter calibration | C23: u(h1) | D23: ='Input Data'!I71 -> -0.9338 | E23: mm | F23: =IF(F22>=Num,"",F22+1) -> 18 | G23: =IF(AND(F22<>"",G22<2000),G22+step,"") -> 470.63158 | H23: =SUM((((1-(0.006*(L/b)))*((1-((0.003*(L/(G23/1000)))))^(1.5))))) -> 0.98132386 | I23: =IF(G23<>"",VLOOKUP(G23,Calculations!$AV$2:$BA$2001,4),"") -> 1.0892515 | J23: =IF(G23<>"",VLOOKUP(G23,Calculations!$AV$2:$BA$2001,5),"") -> 0.0049666667 | K23: =IF(G23<>"",VLOOKUP(G23,Calculations!$AV$2:$BA$2001,6),"") -> 15.645704 | L23: =SUM((0.5+10*(I23-H23))) -> 1.5792764 | M23: =(100*((SQRT(($D$22^2)+($D$23^2)+((($D$24))^2)))/G23)) -> 0.76878818 | N23: =$D$21 -> 0.26976453 | O23: =SUM(((2/3)^(3/2))*(gn^0.5)*(H23)*(I23)*(b)*((G23/1000)^(3/2)))*1000 -> 382.98797 | P23: =(SQRT((L23^2)+((1.5^2)*(M23^2))+(N23^2)+($D$25^2)+($D$26^2)+($D$27^2)+($D$28^2))*2+IF(G23/1000>=$D$6/2,2,0)) -> 5.9654727 | Q23: 8
B24: Uncertainty in flowmeter repeatability (68%cl) | C24: u(h2) | D24: ='Input Data'!J86 -> 0.42122735 | E24: mm | F24: =IF(F23>=Num,"",F23+1) -> 19 | G24: =IF(AND(F23<>"",G23<2000),G23+step,"") -> 498.31579 | H24: =SUM((((1-(0.006*(L/b)))*((1-((0.003*(L/(G24/1000)))))^(1.5))))) -> 0.98184853 | I24: =IF(G24<>"",VLOOKUP(G24,Calculations!$AV$2:$BA$2001,4),"") -> 1.0898088 | J24: =IF(G24<>"",VLOOKUP(G24,Calculations!$AV$2:$BA$2001,5),"") -> 0.0050666667 | K24: =IF(G24<>"",VLOOKUP(G24,Calculations!$AV$2:$BA$2001,6),"") -> 16.109277 | L24: =SUM((0.5+10*(I24-H24))) -> 1.579603 | M24: =(100*((SQRT(($D$22^2)+($D$23^2)+((($D$24))^2)))/G24)) -> 0.72607773 | N24: =$D$21 -> 0.26976453 | O24: =SUM(((2/3)^(3/2))*(gn^0.5)*(H24)*(I24)*(b)*((G24/1000)^(3/2)))*1000 -> 417.70993 | P24: =(SQRT((L24^2)+((1.5^2)*(M24^2))+(N24^2)+($D$25^2)+($D$26^2)+($D$27^2)+($D$28^2))*2+IF(G24/1000>=$D$6/2,2,0)) -> 5.9174635 | Q24: 8
B25: Telemetry Uncertainty | C25: u(t) | D25: ='Input Data'!H8 -> 2 | E25: % | F25: =IF(F24>=Num,"",F24+1) -> 20 | G25: =P27 -> 526 | H25: =SUM((((1-(0.006*(L/b)))*((1-((0.003*(L/(G25/1000)))))^(1.5))))) -> 0.98231805 | I25: =IF(G25<>"",VLOOKUP(G25,Calculations!$AV$2:$BA$2001,4),"") -> 1.0904134 | J25: =IF(G25<>"",VLOOKUP(G25,Calculations!$AV$2:$BA$2001,5),"") -> 0.0050666667 | K25: =IF(G25<>"",VLOOKUP(G25,Calculations!$AV$2:$BA$2001,6),"") -> 16.563545 | L25: =SUM((0.5+10*(I25-H25))) -> 1.5809532 | M25: =(100*((SQRT(($D$22^2)+($D$23^2)+((($D$24))^2)))/G25)) -> 0.68786311 | N25: =$D$21 -> 0.26976453 | O25: =SUM(((2/3)^(3/2))*(gn^0.5)*(H25)*(I25)*(b)*((G25/1000)^(3/2)))*1000 -> 453.4662 | P25: =(SQRT((L25^2)+((1.5^2)*(M25^2))+(N25^2)+($D$25^2)+($D$26^2)+($D$27^2)+($D$28^2))*2+IF(G25/1000>=$D$6/2,2,0)) -> 7.8776819 | Q25: 8
B26: Look Up Table Uncertainty | C26: U(lu) | D26: ='Input Data'!H9 -> 1 | E26: % | F26: =IF(F25>=Num,"",F25+1) | G26: Instrument
B27: Custom Uncertainty 1 | C27: U(a1) | D27: 0 | E27: % | F27: =IF(F26>=Num,"",F26+1) | G27: Instrument H max (mm) | P27: ='Input Data'!C95 -> 526
B28: Custom Uncertainty 2 | C28: U(a2) | D28: 0 | E28: % | F28: =IF(F27>=Num,"",F27+1) | G28: Instrument Q Max (l/s) | P28: ='Input Data'!C96 -> 451.31
F29: =IF(F28>=Num,"",F28+1)
B30: Daily Weighted uncertainty results | D30: Date used | E30: Volume (Q) m3/day | O30: Uncertainty UQ (±%)
B31: Calculated DWF (24hr diurnal) | D31: n/a | E31: ='Input Data'!C10 -> 14778 | O31: ± | P31: ='DWF Uncertainty'!F104/100 -> 0.06833744
B32: Calculated FFT (24hr diurnal) | D32: n/a | E32: ='Input Data'!C9 -> 31577 | O32: ± | P32: ='FFT Uncertainty'!F104/100 -> 0.064289903
B33: Real data DWF (24hr) | D33: ='Uncertainty sheet'!F2 -> 45805 | E33: ='Uncertainty sheet'!D104 -> 13734.293 | O33: ± | P33: ='Uncertainty sheet'!F104/100 -> 0.070008952
F34: =IF(E33>=Num,"",E33+1)
F35: =IF(F34>=Num,"",F34+1)
B41: * Average installed dimensions used to correctly calculate flow / head curve
B42: ** Quantified Errors & uncertainties following installation of flume by Civil Contrators
H45: =IF(G45<>"",VLOOKUP(G45,Calculations!$AV$2:$BA$2001,3),"") | I45: =IF(G45<>"",VLOOKUP(G45,Calculations!$AV$2:$BA$2001,4),"") | J45: =IF(G45<>"",VLOOKUP(G45,Calculations!$AV$2:$BA$2001,5),"") | K45: =IF(G45<>"",VLOOKUP(G45,Calculations!$AV$2:$BA$2001,6),"") | L45: =SUM((I45-H45)*20)+1 -> #VALUE! | M45: =(100*((SQRT(($D$22^2)+($D$23^2)+((2*($D$24))^2)))/G45)) -> #DIV/0! | N45: =$D$21 -> 0.26976453 | P45: =SQRT((L45^2)+((1.5^2)*(M45^2))+(N45^2)+($D$25^2)+($D$26^2)+($D$27^2)+($D$28^2)) -> #VALUE!
H46: =IF(G46<>"",VLOOKUP(G46,Calculations!$AV$2:$BA$2001,3),"") | I46: =IF(G46<>"",VLOOKUP(G46,Calculations!$AV$2:$BA$2001,4),"") | J46: =IF(G46<>"",VLOOKUP(G46,Calculations!$AV$2:$BA$2001,5),"") | K46: =IF(G46<>"",VLOOKUP(G46,Calculations!$AV$2:$BA$2001,6),"") | L46: =SUM((I46-H46)*20)+1 -> #VALUE! | M46: =(100*((SQRT(($D$22^2)+($D$23^2)+((2*($D$24))^2)))/G46)) -> #DIV/0! | N46: =$D$21 -> 0.26976453 | P46: =SQRT((L46^2)+((1.5^2)*(M46^2))+(N46^2)+($D$25^2)+($D$26^2)+($D$27^2)+($D$28^2)) -> #VALUE!
H47: =IF(G47<>"",VLOOKUP(G47,Calculations!$AV$2:$BA$2001,3),"") | I47: =IF(G47<>"",VLOOKUP(G47,Calculations!$AV$2:$BA$2001,4),"") | J47: =IF(G47<>"",VLOOKUP(G47,Calculations!$AV$2:$BA$2001,5),"") | K47: =IF(G47<>"",VLOOKUP(G47,Calculations!$AV$2:$BA$2001,6),"") | L47: =SUM((I47-H47)*20)+1 -> #VALUE! | M47: =(100*((SQRT(($D$22^2)+($D$23^2)+((2*($D$24))^2)))/G47)) -> #DIV/0! | N47: =$D$21 -> 0.26976453 | P47: =SQRT((L47^2)+((1.5^2)*(M47^2))+(N47^2)+($D$25^2)+($D$26^2)+($D$27^2)+($D$28^2)) -> #VALUE!
H48: =IF(G48<>"",VLOOKUP(G48,Calculations!$AV$2:$BA$2001,3),"") | I48: =IF(G48<>"",VLOOKUP(G48,Calculations!$AV$2:$BA$2001,4),"") | J48: =IF(G48<>"",VLOOKUP(G48,Calculations!$AV$2:$BA$2001,5),"") | K48: =IF(G48<>"",VLOOKUP(G48,Calculations!$AV$2:$BA$2001,6),"") | L48: =SUM((I48-H48)*20)+1 -> #VALUE! | M48: =(100*((SQRT(($D$22^2)+($D$23^2)+((2*($D$24))^2)))/G48)) -> #DIV/0! | N48: =$D$21 -> 0.26976453 | P48: =SQRT((L48^2)+((1.5^2)*(M48^2))+(N48^2)+($D$25^2)+($D$26^2)+($D$27^2)+($D$28^2)) -> #VALUE!
H49: =IF(G49<>"",VLOOKUP(G49,Calculations!$AV$2:$BA$2001,3),"") | I49: =IF(G49<>"",VLOOKUP(G49,Calculations!$AV$2:$BA$2001,4),"") | J49: =IF(G49<>"",VLOOKUP(G49,Calculations!$AV$2:$BA$2001,5),"") | K49: =IF(G49<>"",VLOOKUP(G49,Calculations!$AV$2:$BA$2001,6),"") | L49: =SUM((I49-H49)*20)+1 -> #VALUE! | M49: =(100*((SQRT(($D$22^2)+($D$23^2)+((2*($D$24))^2)))/G49)) -> #DIV/0! | N49: =$D$21 -> 0.26976453 | P49: =SQRT((L49^2)+((1.5^2)*(M49^2))+(N49^2)+($D$25^2)+($D$26^2)+($D$27^2)+($D$28^2)) -> #VALUE!
H50: =IF(G50<>"",VLOOKUP(G50,Calculations!$AV$2:$BA$2001,3),"") | I50: =IF(G50<>"",VLOOKUP(G50,Calculations!$AV$2:$BA$2001,4),"") | J50: =IF(G50<>"",VLOOKUP(G50,Calculations!$AV$2:$BA$2001,5),"") | K50: =IF(G50<>"",VLOOKUP(G50,Calculations!$AV$2:$BA$2001,6),"") | L50: =SUM((I50-H50)*20)+1 -> #VALUE! | M50: =(100*((SQRT(($D$22^2)+($D$23^2)+((2*($D$24))^2)))/G50)) -> #DIV/0! | N50: =$D$21 -> 0.26976453 | P50: =SQRT((L50^2)+((1.5^2)*(M50^2))+(N50^2)+($D$25^2)+($D$26^2)+($D$27^2)+($D$28^2)) -> #VALUE!
H51: =IF(G51<>"",VLOOKUP(G51,Calculations!$AV$2:$BA$2001,3),"") | I51: =IF(G51<>"",VLOOKUP(G51,Calculations!$AV$2:$BA$2001,4),"") | J51: =IF(G51<>"",VLOOKUP(G51,Calculations!$AV$2:$BA$2001,5),"") | K51: =IF(G51<>"",VLOOKUP(G51,Calculations!$AV$2:$BA$2001,6),"") | L51: =SUM((I51-H51)*20)+1 -> #VALUE! | M51: =(100*((SQRT(($D$22^2)+($D$23^2)+((2*($D$24))^2)))/G51)) -> #DIV/0! | N51: =$D$21 -> 0.26976453 | P51: =SQRT((L51^2)+((1.5^2)*(M51^2))+(N51^2)+($D$25^2)+($D$26^2)+($D$27^2)+($D$28^2)) -> #VALUE!
H52: =IF(G52<>"",VLOOKUP(G52,Calculations!$AV$2:$BA$2001,3),"") | I52: =IF(G52<>"",VLOOKUP(G52,Calculations!$AV$2:$BA$2001,4),"") | J52: =IF(G52<>"",VLOOKUP(G52,Calculations!$AV$2:$BA$2001,5),"") | K52: =IF(G52<>"",VLOOKUP(G52,Calculations!$AV$2:$BA$2001,6),"") | L52: =SUM((I52-H52)*20)+1 -> #VALUE! | M52: =(100*((SQRT(($D$22^2)+($D$23^2)+((2*($D$24))^2)))/G52)) -> #DIV/0! | N52: =$D$21 -> 0.26976453 | P52: =SQRT((L52^2)+((1.5^2)*(M52^2))+(N52^2)+($D$25^2)+($D$26^2)+($D$27^2)+($D$28^2)) -> #VALUE!
H53: =IF(G53<>"",VLOOKUP(G53,Calculations!$AV$2:$BA$2001,3),"") | I53: =IF(G53<>"",VLOOKUP(G53,Calculations!$AV$2:$BA$2001,4),"") | J53: =IF(G53<>"",VLOOKUP(G53,Calculations!$AV$2:$BA$2001,5),"") | K53: =IF(G53<>"",VLOOKUP(G53,Calculations!$AV$2:$BA$2001,6),"") | L53: =SUM((I53-H53)*20)+1 -> #VALUE! | M53: =(100*((SQRT(($D$22^2)+($D$23^2)+((2*($D$24))^2)))/G53)) -> #DIV/0! | N53: =$D$21 -> 0.26976453 | P53: =SQRT((L53^2)+((1.5^2)*(M53^2))+(N53^2)+($D$25^2)+($D$26^2)+($D$27^2)+($D$28^2)) -> #VALUE!
H54: =IF(G54<>"",VLOOKUP(G54,Calculations!$AV$2:$BA$2001,3),"") | I54: =IF(G54<>"",VLOOKUP(G54,Calculations!$AV$2:$BA$2001,4),"") | J54: =IF(G54<>"",VLOOKUP(G54,Calculations!$AV$2:$BA$2001,5),"") | K54: =IF(G54<>"",VLOOKUP(G54,Calculations!$AV$2:$BA$2001,6),"") | L54: =SUM((I54-H54)*20)+1 -> #VALUE! | M54: =(100*((SQRT(($D$22^2)+($D$23^2)+((2*($D$24))^2)))/G54)) -> #DIV/0! | N54: =$D$21 -> 0.26976453 | P54: =SQRT((L54^2)+((1.5^2)*(M54^2))+(N54^2)+($D$25^2)+($D$26^2)+($D$27^2)+($D$28^2)) -> #VALUE!
H55: =IF(G55<>"",VLOOKUP(G55,Calculations!$AV$2:$BA$2001,3),"") | I55: =IF(G55<>"",VLOOKUP(G55,Calculations!$AV$2:$BA$2001,4),"") | J55: =IF(G55<>"",VLOOKUP(G55,Calculations!$AV$2:$BA$2001,5),"") | K55: =IF(G55<>"",VLOOKUP(G55,Calculations!$AV$2:$BA$2001,6),"") | L55: =SUM((I55-H55)*20)+1 -> #VALUE! | M55: =(100*((SQRT(($D$22^2)+($D$23^2)+((2*($D$24))^2)))/G55)) -> #DIV/0! | N55: =$D$21 -> 0.26976453 | P55: =SQRT((L55^2)+((1.5^2)*(M55^2))+(N55^2)+($D$25^2)+($D$26^2)+($D$27^2)+($D$28^2)) -> #VALUE!
H56: =IF(G56<>"",VLOOKUP(G56,Calculations!$AV$2:$BA$2001,3),"") | I56: =IF(G56<>"",VLOOKUP(G56,Calculations!$AV$2:$BA$2001,4),"") | J56: =IF(G56<>"",VLOOKUP(G56,Calculations!$AV$2:$BA$2001,5),"") | K56: =IF(G56<>"",VLOOKUP(G56,Calculations!$AV$2:$BA$2001,6),"") | L56: =SUM((I56-H56)*20)+1 -> #VALUE! | M56: =(100*((SQRT(($D$22^2)+($D$23^2)+((2*($D$24))^2)))/G56)) -> #DIV/0! | N56: =$D$21 -> 0.26976453 | P56: =SQRT((L56^2)+((1.5^2)*(M56^2))+(N56^2)+($D$25^2)+($D$26^2)+($D$27^2)+($D$28^2)) -> #VALUE!
... H80: =IF(G80<>"",VLOOKUP(G80,Calculations!$AV$2:$BA$2001,3),"") | I80: =IF(G80<>"",VLOOKUP(G80,Calculations!$AV$2:$BA$2001,4),"") | J80: =IF(G80<>"",VLOOKUP(G80,Calculations!$AV$2:$BA$2001,5),"") | K80: =IF(G80<>"",VLOOKUP(G80,Calculations!$AV$2:$BA$2001,6),"") | L80: =SUM((I80-H80)*20)+1 -> #VALUE! | M80: =(100*((SQRT(($D$22^2)+($D$23^2)+((2*($D$24))^2)))/G80)) -> #DIV/0! | N80: =$D$21 -> 0.26976453 | P80: =SQRT((L80^2)+((1.5^2)*(M80^2))+(N80^2)+($D$25^2)+($D$26^2)+($D$27^2)+($D$28^2)) -> #VALUE!
F81: =IF(F80>=Num,"",F80+1) -> 1 | G81: =IF(AND(F80<>"",G80<2000),G80+step,"") | H81: =IF(G81<>"",VLOOKUP(G81,Calculations!$AV$2:$BA$2001,3),"") | I81: =IF(G81<>"",VLOOKUP(G81,Calculations!$AV$2:$BA$2001,4),"") | J81: =IF(G81<>"",VLOOKUP(G81,Calculations!$AV$2:$BA$2001,5),"") | K81: =IF(G81<>"",VLOOKUP(G81,Calculations!$AV$2:$BA$2001,6),"") | L81: =SUM((I81-H81)*20)+1 -> #VALUE! | M81: =(100*((SQRT(($D$22^2)+($D$23^2)+((2*($D$24))^2)))/G81)) -> #VALUE! | N81: =$D$21 -> 0.26976453 | P81: =SQRT((L81^2)+((1.5^2)*(M81^2))+(N81^2)+($D$25^2)+($D$26^2)+($D$27^2)+($D$28^2)) -> #VALUE!
F82: =IF(F81>=Num,"",F81+1) -> 2 | G82: =IF(AND(F81<>"",G81<2000),G81+step,"") | H82: =IF(G82<>"",VLOOKUP(G82,Calculations!$AV$2:$BA$2001,3),"") | I82: =IF(G82<>"",VLOOKUP(G82,Calculations!$AV$2:$BA$2001,4),"") | J82: =IF(G82<>"",VLOOKUP(G82,Calculations!$AV$2:$BA$2001,5),"") | K82: =IF(G82<>"",VLOOKUP(G82,Calculations!$AV$2:$BA$2001,6),"") | L82: =SUM((I82-H82)*20)+1 -> #VALUE! | M82: =(100*((SQRT(($D$22^2)+($D$23^2)+((2*($D$24))^2)))/G82)) -> #VALUE! | N82: =$D$21 -> 0.26976453 | P82: =SQRT((L82^2)+((1.5^2)*(M82^2))+(N82^2)+($D$25^2)+($D$26^2)+($D$27^2)+($D$28^2)) -> #VALUE!
F83: =IF(F82>=Num,"",F82+1) -> 3 | G83: =IF(AND(F82<>"",G82<2000),G82+step,"") | H83: =IF(G83<>"",VLOOKUP(G83,Calculations!$AV$2:$BA$2001,3),"") | I83: =IF(G83<>"",VLOOKUP(G83,Calculations!$AV$2:$BA$2001,4),"") | J83: =IF(G83<>"",VLOOKUP(G83,Calculations!$AV$2:$BA$2001,5),"") | K83: =IF(G83<>"",VLOOKUP(G83,Calculations!$AV$2:$BA$2001,6),"") | L83: =SUM((I83-H83)*20)+1 -> #VALUE! | M83: =(100*((SQRT(($D$22^2)+($D$23^2)+((2*($D$24))^2)))/G83)) -> #VALUE! | N83: =$D$21 -> 0.26976453 | P83: =SQRT((L83^2)+((1.5^2)*(M83^2))+(N83^2)+($D$25^2)+($D$26^2)+($D$27^2)+($D$28^2)) -> #VALUE!
F84: =IF(F83>=Num,"",F83+1) -> 4 | G84: =IF(AND(F83<>"",G83<2000),G83+step,"") | H84: =IF(G84<>"",VLOOKUP(G84,Calculations!$AV$2:$BA$2001,3),"") | I84: =IF(G84<>"",VLOOKUP(G84,Calculations!$AV$2:$BA$2001,4),"") | J84: =IF(G84<>"",VLOOKUP(G84,Calculations!$AV$2:$BA$2001,5),"") | K84: =IF(G84<>"",VLOOKUP(G84,Calculations!$AV$2:$BA$2001,6),"") | L84: =SUM((I84-H84)*20)+1 -> #VALUE! | M84: =(100*((SQRT(($D$22^2)+($D$23^2)+((2*($D$24))^2)))/G84)) -> #VALUE! | N84: =$D$21 -> 0.26976453 | P84: =SQRT((L84^2)+((1.5^2)*(M84^2))+(N84^2)+($D$25^2)+($D$26^2)+($D$27^2)+($D$28^2)) -> #VALUE!
F85: =IF(F84>=Num,"",F84+1) -> 5 | G85: =IF(AND(F84<>"",G84<2000),G84+step,"") | H85: =IF(G85<>"",VLOOKUP(G85,Calculations!$AV$2:$BA$2001,3),"") | I85: =IF(G85<>"",VLOOKUP(G85,Calculations!$AV$2:$BA$2001,4),"") | J85: =IF(G85<>"",VLOOKUP(G85,Calculations!$AV$2:$BA$2001,5),"") | K85: =IF(G85<>"",VLOOKUP(G85,Calculations!$AV$2:$BA$2001,6),"") | L85: =SUM((I85-H85)*20)+1 -> #VALUE! | M85: =(100*((SQRT(($D$22^2)+($D$23^2)+((2*($D$24))^2)))/G85)) -> #VALUE! | N85: =$D$21 -> 0.26976453 | P85: =SQRT((L85^2)+((1.5^2)*(M85^2))+(N85^2)+($D$25^2)+($D$26^2)+($D$27^2)+($D$28^2)) -> #VALUE!
F86: =IF(F85>=Num,"",F85+1) -> 6 | G86: =IF(AND(F85<>"",G85<2000),G85+step,"") | H86: =IF(G86<>"",VLOOKUP(G86,Calculations!$AV$2:$BA$2001,3),"") | I86: =IF(G86<>"",VLOOKUP(G86,Calculations!$AV$2:$BA$2001,4),"") | J86: =IF(G86<>"",VLOOKUP(G86,Calculations!$AV$2:$BA$2001,5),"") | K86: =IF(G86<>"",VLOOKUP(G86,Calculations!$AV$2:$BA$2001,6),"") | L86: =SUM((I86-H86)*20)+1 -> #VALUE! | M86: =(100*((SQRT(($D$22^2)+($D$23^2)+((2*($D$24))^2)))/G86)) -> #VALUE! | N86: =$D$21 -> 0.26976453 | P86: =SQRT((L86^2)+((1.5^2)*(M86^2))+(N86^2)+($D$25^2)+($D$26^2)+($D$27^2)+($D$28^2)) -> #VALUE!
F87: =IF(F86>=Num,"",F86+1) -> 7 | G87: =IF(AND(F86<>"",G86<2000),G86+step,"") | H87: =IF(G87<>"",VLOOKUP(G87,Calculations!$AV$2:$BA$2001,3),"") | I87: =IF(G87<>"",VLOOKUP(G87,Calculations!$AV$2:$BA$2001,4),"") | J87: =IF(G87<>"",VLOOKUP(G87,Calculations!$AV$2:$BA$2001,5),"") | K87: =IF(G87<>"",VLOOKUP(G87,Calculations!$AV$2:$BA$2001,6),"") | L87: =SUM((I87-H87)*20)+1 -> #VALUE! | M87: =(100*((SQRT(($D$22^2)+($D$23^2)+((2*($D$24))^2)))/G87)) -> #VALUE! | N87: =$D$21 -> 0.26976453 | P87: =SQRT((L87^2)+((1.5^2)*(M87^2))+(N87^2)+($D$25^2)+($D$26^2)+($D$27^2)+($D$28^2)) -> #VALUE!
F88: =IF(F87>=Num,"",F87+1) -> 8 | G88: =IF(AND(F87<>"",G87<2000),G87+step,"") | H88: =IF(G88<>"",VLOOKUP(G88,Calculations!$AV$2:$BA$2001,3),"") | I88: =IF(G88<>"",VLOOKUP(G88,Calculations!$AV$2:$BA$2001,4),"") | J88: =IF(G88<>"",VLOOKUP(G88,Calculations!$AV$2:$BA$2001,5),"") | K88: =IF(G88<>"",VLOOKUP(G88,Calculations!$AV$2:$BA$2001,6),"") | L88: =SUM((I88-H88)*20)+1 -> #VALUE! | M88: =(100*((SQRT(($D$22^2)+($D$23^2)+((2*($D$24))^2)))/G88)) -> #VALUE! | N88: =$D$21 -> 0.26976453 | P88: =SQRT((L88^2)+((1.5^2)*(M88^2))+(N88^2)+($D$25^2)+($D$26^2)+($D$27^2)+($D$28^2)) -> #VALUE!
F89: =IF(F88>=Num,"",F88+1) -> 9 | G89: =IF(AND(F88<>"",G88<2000),G88+step,"") | H89: =IF(G89<>"",VLOOKUP(G89,Calculations!$AV$2:$BA$2001,3),"") | I89: =IF(G89<>"",VLOOKUP(G89,Calculations!$AV$2:$BA$2001,4),"") | J89: =IF(G89<>"",VLOOKUP(G89,Calculations!$AV$2:$BA$2001,5),"") | K89: =IF(G89<>"",VLOOKUP(G89,Calculations!$AV$2:$BA$2001,6),"") | L89: =SUM((I89-H89)*20)+1 -> #VALUE! | M89: =(100*((SQRT(($D$22^2)+($D$23^2)+((2*($D$24))^2)))/G89)) -> #VALUE! | N89: =$D$21 -> 0.26976453 | P89: =SQRT((L89^2)+((1.5^2)*(M89^2))+(N89^2)+($D$25^2)+($D$26^2)+($D$27^2)+($D$28^2)) -> #VALUE!
F90: =IF(F89>=Num,"",F89+1) -> 10 | G90: =IF(AND(F89<>"",G89<2000),G89+step,"") | H90: =IF(G90<>"",VLOOKUP(G90,Calculations!$AV$2:$BA$2001,3),"") | I90: =IF(G90<>"",VLOOKUP(G90,Calculations!$AV$2:$BA$2001,4),"") | J90: =IF(G90<>"",VLOOKUP(G90,Calculations!$AV$2:$BA$2001,5),"") | K90: =IF(G90<>"",VLOOKUP(G90,Calculations!$AV$2:$BA$2001,6),"") | L90: =SUM((I90-H90)*20)+1 -> #VALUE! | M90: =(100*((SQRT(($D$22^2)+($D$23^2)+((2*($D$24))^2)))/G90)) -> #VALUE! | N90: =$D$21 -> 0.26976453 | P90: =SQRT((L90^2)+((1.5^2)*(M90^2))+(N90^2)+($D$25^2)+($D$26^2)+($D$27^2)+($D$28^2)) -> #VALUE!
F91: =IF(F90>=Num,"",F90+1) -> 11 | G91: =IF(AND(F90<>"",G90<2000),G90+step,"") | H91: =IF(G91<>"",VLOOKUP(G91,Calculations!$AV$2:$BA$2001,3),"") | I91: =IF(G91<>"",VLOOKUP(G91,Calculations!$AV$2:$BA$2001,4),"") | J91: =IF(G91<>"",VLOOKUP(G91,Calculations!$AV$2:$BA$2001,5),"") | K91: =IF(G91<>"",VLOOKUP(G91,Calculations!$AV$2:$BA$2001,6),"") | L91: =SUM((I91-H91)*20)+1 -> #VALUE! | M91: =(100*((SQRT(($D$22^2)+($D$23^2)+((2*($D$24))^2)))/G91)) -> #VALUE! | N91: =$D$21 -> 0.26976453 | P91: =SQRT((L91^2)+((1.5^2)*(M91^2))+(N91^2)+($D$25^2)+($D$26^2)+($D$27^2)+($D$28^2)) -> #VALUE!
F92: =IF(F91>=Num,"",F91+1) -> 12 | G92: =IF(AND(F91<>"",G91<2000),G91+step,"") | H92: =IF(G92<>"",VLOOKUP(G92,Calculations!$AV$2:$BA$2001,3),"") | I92: =IF(G92<>"",VLOOKUP(G92,Calculations!$AV$2:$BA$2001,4),"") | J92: =IF(G92<>"",VLOOKUP(G92,Calculations!$AV$2:$BA$2001,5),"") | K92: =IF(G92<>"",VLOOKUP(G92,Calculations!$AV$2:$BA$2001,6),"") | L92: =SUM((I92-H92)*20)+1 -> #VALUE! | M92: =(100*((SQRT(($D$22^2)+($D$23^2)+((2*($D$24))^2)))/G92)) -> #VALUE! | N92: =$D$21 -> 0.26976453 | P92: =SQRT((L92^2)+((1.5^2)*(M92^2))+(N92^2)+($D$25^2)+($D$26^2)+($D$27^2)+($D$28^2)) -> #VALUE!
... F302: =IF(F301>=Num,"",F301+1) | G302: =IF(AND(F301<>"",G301<2000),G301+step,"") | H302: =IF(G302<>"",VLOOKUP(G302,Calculations!$AV$2:$BA$2001,3),"") | I302: =IF(G302<>"",VLOOKUP(G302,Calculations!$AV$2:$BA$2001,4),"") | J302: =IF(G302<>"",VLOOKUP(G302,Calculations!$AV$2:$BA$2001,5),"") | K302: =IF(G302<>"",VLOOKUP(G302,Calculations!$AV$2:$BA$2001,6),"") | L302: =SUM((I302-H302)*20)+1 -> #VALUE! | M302: =(100*((SQRT(($D$22^2)+($D$23^2)+((2*($D$24))^2)))/G302)) -> #VALUE! | N302: =$D$21 -> 0.26976453 | P302: =SQRT((L302^2)+((1.5^2)*(M302^2))+(N302^2)+($D$25^2)+($D$26^2)+($D$27^2)+($D$28^2)) -> #VALUE!
F303: =IF(F302>=Num,"",F302+1) | G303: =IF(AND(F302<>"",G302<2000),G302+step,"") | H303: =IF(G303<>"",VLOOKUP(G303,Calculations!$AV$2:$BA$2001,3),"") | I303: =IF(G303<>"",VLOOKUP(G303,Calculations!$AV$2:$BA$2001,4),"") | J303: =IF(G303<>"",VLOOKUP(G303,Calculations!$AV$2:$BA$2001,5),"") | K303: =IF(G303<>"",VLOOKUP(G303,Calculations!$AV$2:$BA$2001,6),"") | L303: =SUM((I303-H303)*20)+1 -> #VALUE! | M303: =(100*((SQRT(($D$22^2)+($D$23^2)+((2*($D$24))^2)))/G303)) -> #VALUE! | N303: =$D$21 -> 0.26976453 | P303: =SQRT((L303^2)+((1.5^2)*(M303^2))+(N303^2)+($D$25^2)+($D$26^2)+($D$27^2)+($D$28^2))+2 -> #VALUE!
F304: =IF(F303>=Num,"",F303+1) | G304: =IF(AND(F303<>"",G303<2000),G303+step,"") | H304: =IF(G304<>"",VLOOKUP(G304,Calculations!$AV$2:$BA$2001,3),"") | I304: =IF(G304<>"",VLOOKUP(G304,Calculations!$AV$2:$BA$2001,4),"") | J304: =IF(G304<>"",VLOOKUP(G304,Calculations!$AV$2:$BA$2001,5),"") | K304: =IF(G304<>"",VLOOKUP(G304,Calculations!$AV$2:$BA$2001,6),"") | L304: =SUM((I304-H304)*20)+1 -> #VALUE! | M304: =(100*((SQRT(($D$22^2)+($D$23^2)+((2*($D$24))^2)))/G304)) -> #VALUE! | N304: =$D$21 -> 0.26976453 | P304: =SQRT((L304^2)+((1.5^2)*(M304^2))+(N304^2)+($D$25^2)+($D$26^2)+($D$27^2)+($D$28^2))+2 -> #VALUE!
F305: =IF(F304>=Num,"",F304+1) | G305: =IF(AND(F304<>"",G304<2000),G304+step,"") | H305: =IF(G305<>"",VLOOKUP(G305,Calculations!$AV$2:$BA$2001,3),"") | I305: =IF(G305<>"",VLOOKUP(G305,Calculations!$AV$2:$BA$2001,4),"") | J305: =IF(G305<>"",VLOOKUP(G305,Calculations!$AV$2:$BA$2001,5),"") | K305: =IF(G305<>"",VLOOKUP(G305,Calculations!$AV$2:$BA$2001,6),"") | L305: =SUM((I305-H305)*20)+1 -> #VALUE! | M305: =(100*((SQRT(($D$22^2)+($D$23^2)+((2*($D$24))^2)))/G305)) -> #VALUE! | N305: =$D$21 -> 0.26976453 | P305: =SQRT((L305^2)+((1.5^2)*(M305^2))+(N305^2)+($D$25^2)+($D$26^2)+($D$27^2)+($D$28^2))+2 -> #VALUE!
F306: =IF(F305>=Num,"",F305+1) | G306: =IF(AND(F305<>"",G305<2000),G305+step,"") | H306: =IF(G306<>"",VLOOKUP(G306,Calculations!$AV$2:$BA$2001,3),"") | I306: =IF(G306<>"",VLOOKUP(G306,Calculations!$AV$2:$BA$2001,4),"") | J306: =IF(G306<>"",VLOOKUP(G306,Calculations!$AV$2:$BA$2001,5),"") | K306: =IF(G306<>"",VLOOKUP(G306,Calculations!$AV$2:$BA$2001,6),"") | L306: =SUM((I306-H306)*20)+1 -> #VALUE! | M306: =(100*((SQRT(($D$22^2)+($D$23^2)+((2*($D$24))^2)))/G306)) -> #VALUE! | N306: =$D$21 -> 0.26976453 | P306: =SQRT((L306^2)+((1.5^2)*(M306^2))+(N306^2)+($D$25^2)+($D$26^2)+($D$27^2)+($D$28^2))+2 -> #VALUE!
F307: =IF(F306>=Num,"",F306+1) | G307: =IF(AND(F306<>"",G306<2000),G306+step,"") | H307: =IF(G307<>"",VLOOKUP(G307,Calculations!$AV$2:$BA$2001,3),"") | I307: =IF(G307<>"",VLOOKUP(G307,Calculations!$AV$2:$BA$2001,4),"") | J307: =IF(G307<>"",VLOOKUP(G307,Calculations!$AV$2:$BA$2001,5),"") | K307: =IF(G307<>"",VLOOKUP(G307,Calculations!$AV$2:$BA$2001,6),"") | L307: =SUM((I307-H307)*20)+1 -> #VALUE! | M307: =(100*((SQRT(($D$22^2)+($D$23^2)+((2*($D$24))^2)))/G307)) -> #VALUE! | N307: =$D$21 -> 0.26976453 | P307: =SQRT((L307^2)+((1.5^2)*(M307^2))+(N307^2)+($D$25^2)+($D$26^2)+($D$27^2)+($D$28^2))+2 -> #VALUE!
F308: =IF(F307>=Num,"",F307+1) | G308: =IF(AND(F307<>"",G307<2000),G307+step,"") | H308: =IF(G308<>"",VLOOKUP(G308,Calculations!$AV$2:$BA$2001,3),"") | I308: =IF(G308<>"",VLOOKUP(G308,Calculations!$AV$2:$BA$2001,4),"") | J308: =IF(G308<>"",VLOOKUP(G308,Calculations!$AV$2:$BA$2001,5),"") | K308: =IF(G308<>"",VLOOKUP(G308,Calculations!$AV$2:$BA$2001,6),"") | L308: =SUM((I308-H308)*20)+1 -> #VALUE! | M308: =(100*((SQRT(($D$22^2)+($D$23^2)+((2*($D$24))^2)))/G308)) -> #VALUE! | N308: =$D$21 -> 0.26976453 | P308: =SQRT((L308^2)+((1.5^2)*(M308^2))+(N308^2)+($D$25^2)+($D$26^2)+($D$27^2)+($D$28^2))+2 -> #VALUE!
F309: =IF(F308>=Num,"",F308+1) | G309: =IF(AND(F308<>"",G308<2000),G308+step,"") | H309: =IF(G309<>"",VLOOKUP(G309,Calculations!$AV$2:$BA$2001,3),"") | I309: =IF(G309<>"",VLOOKUP(G309,Calculations!$AV$2:$BA$2001,4),"") | J309: =IF(G309<>"",VLOOKUP(G309,Calculations!$AV$2:$BA$2001,5),"") | K309: =IF(G309<>"",VLOOKUP(G309,Calculations!$AV$2:$BA$2001,6),"") | L309: =SUM((I309-H309)*20)+1 -> #VALUE! | M309: =(100*((SQRT(($D$22^2)+($D$23^2)+((2*($D$24))^2)))/G309)) -> #VALUE! | N309: =$D$21 -> 0.26976453 | P309: =SQRT((L309^2)+((1.5^2)*(M309^2))+(N309^2)+($D$25^2)+($D$26^2)+($D$27^2)+($D$28^2))+2 -> #VALUE!
F310: =IF(F309>=Num,"",F309+1) | G310: =IF(AND(F309<>"",G309<2000),G309+step,"") | H310: =IF(G310<>"",VLOOKUP(G310,Calculations!$AV$2:$BA$2001,3),"") | I310: =IF(G310<>"",VLOOKUP(G310,Calculations!$AV$2:$BA$2001,4),"") | J310: =IF(G310<>"",VLOOKUP(G310,Calculations!$AV$2:$BA$2001,5),"") | K310: =IF(G310<>"",VLOOKUP(G310,Calculations!$AV$2:$BA$2001,6),"") | L310: =SUM((I310-H310)*20)+1 -> #VALUE! | M310: =(100*((SQRT(($D$22^2)+($D$23^2)+((2*($D$24))^2)))/G310)) -> #VALUE! | N310: =$D$21 -> 0.26976453 | P310: =SQRT((L310^2)+((1.5^2)*(M310^2))+(N310^2)+($D$25^2)+($D$26^2)+($D$27^2)+($D$28^2))+2 -> #VALUE!
F311: =IF(F310>=Num,"",F310+1) | G311: =IF(AND(F310<>"",G310<2000),G310+step,"") | H311: =IF(G311<>"",VLOOKUP(G311,Calculations!$AV$2:$BA$2001,3),"") | I311: =IF(G311<>"",VLOOKUP(G311,Calculations!$AV$2:$BA$2001,4),"") | J311: =IF(G311<>"",VLOOKUP(G311,Calculations!$AV$2:$BA$2001,5),"") | K311: =IF(G311<>"",VLOOKUP(G311,Calculations!$AV$2:$BA$2001,6),"") | L311: =SUM((I311-H311)*20)+1 -> #VALUE! | M311: =(100*((SQRT(($D$22^2)+($D$23^2)+((2*($D$24))^2)))/G311)) -> #VALUE! | N311: =$D$21 -> 0.26976453 | P311: =SQRT((L311^2)+((1.5^2)*(M311^2))+(N311^2)+($D$25^2)+($D$26^2)+($D$27^2)+($D$28^2))+2 -> #VALUE!
F312: =IF(F311>=Num,"",F311+1) | G312: =IF(AND(F311<>"",G311<2000),G311+step,"") | H312: =IF(G312<>"",VLOOKUP(G312,Calculations!$AV$2:$BA$2001,3),"") | I312: =IF(G312<>"",VLOOKUP(G312,Calculations!$AV$2:$BA$2001,4),"") | J312: =IF(G312<>"",VLOOKUP(G312,Calculations!$AV$2:$BA$2001,5),"") | K312: =IF(G312<>"",VLOOKUP(G312,Calculations!$AV$2:$BA$2001,6),"") | L312: =SUM((I312-H312)*20)+1 -> #VALUE! | M312: =(100*((SQRT(($D$22^2)+($D$23^2)+((2*($D$24))^2)))/G312)) -> #VALUE! | N312: =$D$21 -> 0.26976453 | P312: =SQRT((L312^2)+((1.5^2)*(M312^2))+(N312^2)+($D$25^2)+($D$26^2)+($D$27^2)+($D$28^2))+2 -> #VALUE!
F313: =IF(F312>=Num,"",F312+1) | G313: =IF(AND(F312<>"",G312<2000),G312+step,"") | H313: =IF(G313<>"",VLOOKUP(G313,Calculations!$AV$2:$BA$2001,3),"") | I313: =IF(G313<>"",VLOOKUP(G313,Calculations!$AV$2:$BA$2001,4),"") | J313: =IF(G313<>"",VLOOKUP(G313,Calculations!$AV$2:$BA$2001,5),"") | K313: =IF(G313<>"",VLOOKUP(G313,Calculations!$AV$2:$BA$2001,6),"") | L313: =SUM((I313-H313)*20)+1 -> #VALUE! | M313: =(100*((SQRT(($D$22^2)+($D$23^2)+((2*($D$24))^2)))/G313)) -> #VALUE! | N313: =$D$21 -> 0.26976453 | P313: =SQRT((L313^2)+((1.5^2)*(M313^2))+(N313^2)+($D$25^2)+($D$26^2)+($D$27^2)+($D$28^2))+2 -> #VALUE!
F314: =IF(F313>=Num,"",F313+1) | G314: =IF(AND(F313<>"",G313<2000),G313+step,"") | H314: =IF(G314<>"",VLOOKUP(G314,Calculations!$AV$2:$BA$2001,3),"") | I314: =IF(G314<>"",VLOOKUP(G314,Calculations!$AV$2:$BA$2001,4),"") | J314: =IF(G314<>"",VLOOKUP(G314,Calculations!$AV$2:$BA$2001,5),"") | K314: =IF(G314<>"",VLOOKUP(G314,Calculations!$AV$2:$BA$2001,6),"") | L314: =SUM((I314-H314)*20)+1 -> #VALUE! | M314: =(100*((SQRT(($D$22^2)+($D$23^2)+((2*($D$24))^2)))/G314)) -> #VALUE! | N314: =$D$21 -> 0.26976453 | P314: =SQRT((L314^2)+((1.5^2)*(M314^2))+(N314^2)+($D$25^2)+($D$26^2)+($D$27^2)+($D$28^2))+2 -> #VALUE!
... F502: =IF(F501>=Num,"",F501+1) | G502: =IF(AND(F501<>"",G501<2000),G501+step,"") | H502: =IF(G502<>"",VLOOKUP(G502,Calculations!$AV$2:$BA$2001,3),"") | I502: =IF(G502<>"",VLOOKUP(G502,Calculations!$AV$2:$BA$2001,4),"") | J502: =IF(G502<>"",VLOOKUP(G502,Calculations!$AV$2:$BA$2001,5),"") | K502: =IF(G502<>"",VLOOKUP(G502,Calculations!$AV$2:$BA$2001,6),"") | L502: =SUM((I502-H502)*20)+1 -> #VALUE! | M502: =(100*((SQRT(($D$22^2)+($D$23^2)+((2*($D$24))^2)))/G502)) -> #VALUE! | N502: =$D$21 -> 0.26976453 | P502: =SQRT((L502^2)+((1.5^2)*(M502^2))+(N502^2)+($D$25^2)+($D$26^2)+($D$27^2)+($D$28^2))+2 -> #VALUE!
F503: =IF(F502>=Num,"",F502+1) | G503: =IF(AND(F502<>"",G502<2000),G502+step,"") | H503: =IF(G503<>"",VLOOKUP(G503,Calculations!$AV$2:$BA$2001,3),"") | I503: =IF(G503<>"",VLOOKUP(G503,Calculations!$AV$2:$BA$2001,4),"") | J503: =IF(G503<>"",VLOOKUP(G503,Calculations!$AV$2:$BA$2001,5),"") | K503: =IF(G503<>"",VLOOKUP(G503,Calculations!$AV$2:$BA$2001,6),"")
F504: =IF(F503>=Num,"",F503+1) | G504: =IF(AND(F503<>"",G503<2000),G503+step,"") | H504: =IF(G504<>"",VLOOKUP(G504,Calculations!$AV$2:$BA$2001,3),"") | I504: =IF(G504<>"",VLOOKUP(G504,Calculations!$AV$2:$BA$2001,4),"") | J504: =IF(G504<>"",VLOOKUP(G504,Calculations!$AV$2:$BA$2001,5),"") | K504: =IF(G504<>"",VLOOKUP(G504,Calculations!$AV$2:$BA$2001,6),"")
F505: =IF(F504>=Num,"",F504+1) | G505: =IF(AND(F504<>"",G504<2000),G504+step,"") | H505: =IF(G505<>"",VLOOKUP(G505,Calculations!$AV$2:$BA$2001,3),"") | I505: =IF(G505<>"",VLOOKUP(G505,Calculations!$AV$2:$BA$2001,4),"") | J505: =IF(G505<>"",VLOOKUP(G505,Calculations!$AV$2:$BA$2001,5),"") | K505: =IF(G505<>"",VLOOKUP(G505,Calculations!$AV$2:$BA$2001,6),"")
F506: =IF(F505>=Num,"",F505+1) | G506: =IF(AND(F505<>"",G505<2000),G505+step,"") | H506: =IF(G506<>"",VLOOKUP(G506,Calculations!$AV$2:$BA$2001,3),"") | I506: =IF(G506<>"",VLOOKUP(G506,Calculations!$AV$2:$BA$2001,4),"") | J506: =IF(G506<>"",VLOOKUP(G506,Calculations!$AV$2:$BA$2001,5),"") | K506: =IF(G506<>"",VLOOKUP(G506,Calculations!$AV$2:$BA$2001,6),"")
F507: =IF(F506>=Num,"",F506+1) | G507: =IF(AND(F506<>"",G506<2000),G506+step,"") | H507: =IF(G507<>"",VLOOKUP(G507,Calculations!$AV$2:$BA$2001,3),"") | I507: =IF(G507<>"",VLOOKUP(G507,Calculations!$AV$2:$BA$2001,4),"") | J507: =IF(G507<>"",VLOOKUP(G507,Calculations!$AV$2:$BA$2001,5),"") | K507: =IF(G507<>"",VLOOKUP(G507,Calculations!$AV$2:$BA$2001,6),"")
F508: =IF(F507>=Num,"",F507+1) | G508: =IF(AND(F507<>"",G507<2000),G507+step,"") | H508: =IF(G508<>"",VLOOKUP(G508,Calculations!$AV$2:$BA$2001,3),"") | I508: =IF(G508<>"",VLOOKUP(G508,Calculations!$AV$2:$BA$2001,4),"") | J508: =IF(G508<>"",VLOOKUP(G508,Calculations!$AV$2:$BA$2001,5),"") | K508: =IF(G508<>"",VLOOKUP(G508,Calculations!$AV$2:$BA$2001,6),"")
F509: =IF(F508>=Num,"",F508+1) | G509: =IF(AND(F508<>"",G508<2000),G508+step,"") | H509: =IF(G509<>"",VLOOKUP(G509,Calculations!$AV$2:$BA$2001,3),"") | I509: =IF(G509<>"",VLOOKUP(G509,Calculations!$AV$2:$BA$2001,4),"") | J509: =IF(G509<>"",VLOOKUP(G509,Calculations!$AV$2:$BA$2001,5),"") | K509: =IF(G509<>"",VLOOKUP(G509,Calculations!$AV$2:$BA$2001,6),"")
F510: =IF(F509>=Num,"",F509+1) | G510: =IF(AND(F509<>"",G509<2000),G509+step,"") | H510: =IF(G510<>"",VLOOKUP(G510,Calculations!$AV$2:$BA$2001,3),"") | I510: =IF(G510<>"",VLOOKUP(G510,Calculations!$AV$2:$BA$2001,4),"") | J510: =IF(G510<>"",VLOOKUP(G510,Calculations!$AV$2:$BA$2001,5),"") | K510: =IF(G510<>"",VLOOKUP(G510,Calculations!$AV$2:$BA$2001,6),"")
F511: =IF(F510>=Num,"",F510+1) | G511: =IF(AND(F510<>"",G510<2000),G510+step,"") | H511: =IF(G511<>"",VLOOKUP(G511,Calculations!$AV$2:$BA$2001,3),"") | I511: =IF(G511<>"",VLOOKUP(G511,Calculations!$AV$2:$BA$2001,4),"") | J511: =IF(G511<>"",VLOOKUP(G511,Calculations!$AV$2:$BA$2001,5),"") | K511: =IF(G511<>"",VLOOKUP(G511,Calculations!$AV$2:$BA$2001,6),"")
F512: =IF(F511>=Num,"",F511+1) | G512: =IF(AND(F511<>"",G511<2000),G511+step,"") | H512: =IF(G512<>"",VLOOKUP(G512,Calculations!$AV$2:$BA$2001,3),"") | I512: =IF(G512<>"",VLOOKUP(G512,Calculations!$AV$2:$BA$2001,4),"") | J512: =IF(G512<>"",VLOOKUP(G512,Calculations!$AV$2:$BA$2001,5),"") | K512: =IF(G512<>"",VLOOKUP(G512,Calculations!$AV$2:$BA$2001,6),"")
F513: =IF(F512>=Num,"",F512+1) | G513: =IF(AND(F512<>"",G512<2000),G512+step,"") | H513: =IF(G513<>"",VLOOKUP(G513,Calculations!$AV$2:$BA$2001,3),"") | I513: =IF(G513<>"",VLOOKUP(G513,Calculations!$AV$2:$BA$2001,4),"") | J513: =IF(G513<>"",VLOOKUP(G513,Calculations!$AV$2:$BA$2001,5),"") | K513: =IF(G513<>"",VLOOKUP(G513,Calculations!$AV$2:$BA$2001,6),"")
F514: =IF(F513>=Num,"",F513+1) | G514: =IF(AND(F513<>"",G513<2000),G513+step,"") | H514: =IF(G514<>"",VLOOKUP(G514,Calculations!$AV$2:$BA$2001,3),"") | I514: =IF(G514<>"",VLOOKUP(G514,Calculations!$AV$2:$BA$2001,4),"") | J514: =IF(G514<>"",VLOOKUP(G514,Calculations!$AV$2:$BA$2001,5),"") | K514: =IF(G514<>"",VLOOKUP(G514,Calculations!$AV$2:$BA$2001,6),"")
... F1999: =IF(F1998>=Num,"",F1998+1) | G1999: =IF(AND(F1998<>"",G1998<2000),G1998+step,"") | H1999: =IF(G1999<>"",VLOOKUP(G1999,Calculations!$AV$2:$BA$2001,3),"") | I1999: =IF(G1999<>"",VLOOKUP(G1999,Calculations!$AV$2:$BA$2001,4),"") | J1999: =IF(G1999<>"",VLOOKUP(G1999,Calculations!$AV$2:$BA$2001,5),"") | K1999: =IF(G1999<>"",VLOOKUP(G1999,Calculations!$AV$2:$BA$2001,6),"")
G2000: =IF(AND(F1999<>"",G1999<2000),G1999+step,"") | H2000: =IF(G2000<>"",VLOOKUP(G2000,Calculations!$AV$2:$BA$2001,3),"") | I2000: =IF(G2000<>"",VLOOKUP(G2000,Calculations!$AV$2:$BA$2001,4),"") | J2000: =IF(G2000<>"",VLOOKUP(G2000,Calculations!$AV$2:$BA$2001,5),"") | K2000: =IF(G2000<>"",VLOOKUP(G2000,Calculations!$AV$2:$BA$2001,6),"")
H2001: =IF(G2001<>"",VLOOKUP(G2001,Calculations!$AV$2:$BA$2001,3),"") | I2001: =IF(G2001<>"",VLOOKUP(G2001,Calculations!$AV$2:$BA$2001,4),"") | J2001: =IF(G2001<>"",VLOOKUP(G2001,Calculations!$AV$2:$BA$2001,5),"") | K2001: =IF(G2001<>"",VLOOKUP(G2001,Calculations!$AV$2:$BA$2001,6),"")

Sheet Uncertainty sheet
A1: Appendix D - Calculated Daily Weighted Uncertainty (Tariff)
A2: Daily Discharge Consent Volume m3/day | D2: ='Input Data'!C6 -> 31577 | E2: Flow Data: | F2: 45805
A3: Time | B3: Average | C3: 15min | D3: Total | E3: Uncertainty | F3: Contributions
B4: Flow | C4: Volume | D4: Volume | F4: to the
F5: Uncertainty in
B6: (l/s) | C6: (m3) | D6: (m3) | E6: (±%) | F6: TDV (±%)
A7: 0 | B7: 141.0427 | C7: =SUM(B7*0.9) -> 126.93843 | D7: =SUM(C7) -> 126.93843 | E7: =VLOOKUP(B7,'Data & Results'!$O$6:$P$25,2,TRUE) -> 7.3587059 | F7: =SUM(C7*E7)/$D$104 -> 0.068012421
A8: 0.010416667 | B8: 142.85556 | C8: =SUM(B8*0.9) -> 128.57 | D8: =SUM(D7+C8) -> 255.50843 | E8: =VLOOKUP(B8,'Data & Results'!$O$6:$P$25,2,TRUE) -> 7.3587059 | F8: =SUM(C8*E8)/$D$104 -> 0.068886603
A9: 0.020833333 | B9: 146.70778 | C9: =SUM(B9*0.9) -> 132.037 | D9: =SUM(D8+C9) -> 387.54543 | E9: =VLOOKUP(B9,'Data & Results'!$O$6:$P$25,2,TRUE) -> 7.0088422 | F9: =SUM(C9*E9)/$D$104 -> 0.067380714
A10: 0.03125 | B10: 126.42333 | C10: =SUM(B10*0.9) -> 113.781 | D10: =SUM(D9+C10) -> 501.32643 | E10: =VLOOKUP(B10,'Data & Results'!$O$6:$P$25,2,TRUE) -> 7.3587059 | F10: =SUM(C10*E10)/$D$104 -> 0.060962795
A11: 0.041666667 | B11: 212.71667 | C11: =SUM(B11*0.9) -> 191.445 | D11: =SUM(D10+C11) -> 692.77143 | E11: =VLOOKUP(B11,'Data & Results'!$O$6:$P$25,2,TRUE) -> 6.5474591 | F11: =SUM(C11*E11)/$D$104 -> 0.091266312
A12: 0.052083333 | B12: 156.43 | C12: =SUM(B12*0.9) -> 140.787 | D12: =SUM(D11+C12) -> 833.55843 | E12: =VLOOKUP(B12,'Data & Results'!$O$6:$P$25,2,TRUE) -> 7.0088422 | F12: =SUM(C12*E12)/$D$104 -> 0.071845987
A13: 0.0625 | B13: 140.54333 | C13: =SUM(B13*0.9) -> 126.489 | D13: =SUM(D12+C13) -> 960.04743 | E13: =VLOOKUP(B13,'Data & Results'!$O$6:$P$25,2,TRUE) -> 7.3587059 | F13: =SUM(C13*E13)/$D$104 -> 0.067771623
A14: 0.072916667 | B14: 107.58778 | C14: =SUM(B14*0.9) -> 96.829 | D14: =SUM(D13+C14) -> 1056.8764 | E14: =VLOOKUP(B14,'Data & Results'!$O$6:$P$25,2,TRUE) -> 7.8438161 | F14: =SUM(C14*E14)/$D$104 -> 0.055300178
A15: 0.083333333 | B15: 140.64333 | C15: =SUM(B15*0.9) -> 126.579 | D15: =SUM(D14+C15) -> 1183.4554 | E15: =VLOOKUP(B15,'Data & Results'!$O$6:$P$25,2,TRUE) -> 7.3587059 | F15: =SUM(C15*E15)/$D$104 -> 0.067819844
A16: 0.09375 | B16: 111.66111 | C16: =SUM(B16*0.9) -> 100.495 | D16: =SUM(D15+C16) -> 1283.9504 | E16: =VLOOKUP(B16,'Data & Results'!$O$6:$P$25,2,TRUE) -> 7.8438161 | F16: =SUM(C16*E16)/$D$104 -> 0.057393873
A17: 0.10416667 | B17: 141.98333 | C17: =SUM(B17*0.9) -> 127.785 | D17: =SUM(D16+C17) -> 1411.7354 | E17: =VLOOKUP(B17,'Data & Results'!$O$6:$P$25,2,TRUE) -> 7.3587059 | F17: =SUM(C17*E17)/$D$104 -> 0.068466007
A18: 0.11458333 | B18: 110.87222 | C18: =SUM(B18*0.9) -> 99.785 | D18: =SUM(D17+C18) -> 1511.5204 | E18: =VLOOKUP(B18,'Data & Results'!$O$6:$P$25,2,TRUE) -> 7.8438161 | F18: =SUM(C18*E18)/$D$104 -> 0.056988384
A19: 0.125 | B19: 134.62222 | C19: =SUM(B19*0.9) -> 121.16 | D19: =SUM(D18+C19) -> 1632.6804 | E19: =VLOOKUP(B19,'Data & Results'!$O$6:$P$25,2,TRUE) -> 7.3587059 | F19: =SUM(C19*E19)/$D$104 -> 0.064916394
... A102: 0.98958333 | B102: 349.22 | C102: =SUM(B102*0.9) -> 314.298 | D102: =SUM(D101+C102) -> 13734.293 | E102: =VLOOKUP(B102,'Data & Results'!$O$6:$P$25,2,TRUE) -> 6.0879848 | F102: =SUM(C102*E102)/$D$104 -> 0.13931852
D103: Q (m3) | F103: UQ (±%)
C104: Total | D104: =D102 -> 13734.293 | F104: =SUM(F7:F102) -> 7.0008952

Sheet DWF
A2: DWF | B2: ='Input Data'!D10 -> 171.04167 | C2: l/s
A3: Time | B3: DWF | C3: Flow | E3: Time 2 | F3: Time Real | G3: New Flow | H3: Original
A4: 0 | C4: =B2*1.01724137931034 -> 173.99066 | E4: 0 | F4: 0 | G4: =VLOOKUP(E4,$A$4:$C$28,3,TRUE)+(MOD(E4,1)*(VLOOKUP(ROUNDDOWN(E4,0)+1,$A$4:$C$28,3,TRUE)-VLOOKUP(ROUNDDOWN(E4,0),$A$4:$C$28,3,TRUE))) -> 173.99066 | H4: =VLOOKUP(E4,$A$4:$C$28,3,FALSE) -> 173.99066
A5: 1 | C5: =B2*0.913793103448276 -> 156.2967 | E5: 0.25 | F5: 0.010416667 | G5: =VLOOKUP(E5,$A$4:$C$28,3,TRUE)+(MOD(E5,1)*(VLOOKUP(ROUNDDOWN(E5,0)+1,$A$4:$C$28,3,TRUE)-VLOOKUP(ROUNDDOWN(E5,0),$A$4:$C$28,3,TRUE))) -> 169.56717 | H5: =VLOOKUP(E5,$A$4:$C$28,3,FALSE) -> #N/A
A6: 2 | C6: =B2*0.844827586206897 -> 144.50072 | E6: 0.5 | F6: 0.020833333 | G6: =VLOOKUP(E6,$A$4:$C$28,3,TRUE)+(MOD(E6,1)*(VLOOKUP(ROUNDDOWN(E6,0)+1,$A$4:$C$28,3,TRUE)-VLOOKUP(ROUNDDOWN(E6,0),$A$4:$C$28,3,TRUE))) -> 165.14368 | H6: =VLOOKUP(E6,$A$4:$C$28,3,FALSE) -> #N/A
A7: 3 | C7: =B2*0.612068965517241 -> 104.6893 | E7: 0.75 | F7: 0.03125 | G7: =VLOOKUP(E7,$A$4:$C$28,3,TRUE)+(MOD(E7,1)*(VLOOKUP(ROUNDDOWN(E7,0)+1,$A$4:$C$28,3,TRUE)-VLOOKUP(ROUNDDOWN(E7,0),$A$4:$C$28,3,TRUE))) -> 160.72019 | H7: =VLOOKUP(E7,$A$4:$C$28,3,FALSE) -> #N/A
A8: 4 | C8: =B2*0.543103448275862 -> 92.893319 | E8: 1 | F8: 0.041666667 | G8: =VLOOKUP(E8,$A$4:$C$28,3,TRUE)+(MOD(E8,1)*(VLOOKUP(ROUNDDOWN(E8,0)+1,$A$4:$C$28,3,TRUE)-VLOOKUP(ROUNDDOWN(E8,0),$A$4:$C$28,3,TRUE))) -> 156.2967 | H8: =VLOOKUP(E8,$A$4:$C$28,3,FALSE) -> 156.2967
A9: 5 | C9: =B2*0.551724137931035 -> 94.367816 | E9: 1.25 | F9: 0.052083333 | G9: =VLOOKUP(E9,$A$4:$C$28,3,TRUE)+(MOD(E9,1)*(VLOOKUP(ROUNDDOWN(E9,0)+1,$A$4:$C$28,3,TRUE)-VLOOKUP(ROUNDDOWN(E9,0),$A$4:$C$28,3,TRUE))) -> 153.3477 | H9: =VLOOKUP(E9,$A$4:$C$28,3,FALSE) -> #N/A
A10: 6 | C10: =B2*0.603448275862069 -> 103.2148 | E10: 1.5 | F10: 0.0625 | G10: =VLOOKUP(E10,$A$4:$C$28,3,TRUE)+(MOD(E10,1)*(VLOOKUP(ROUNDDOWN(E10,0)+1,$A$4:$C$28,3,TRUE)-VLOOKUP(ROUNDDOWN(E10,0),$A$4:$C$28,3,TRUE))) -> 150.39871 | H10: =VLOOKUP(E10,$A$4:$C$28,3,FALSE) -> #N/A
A11: 7 | C11: =B2*0.913793103448276 -> 156.2967 | E11: 1.75 | F11: 0.072916667 | G11: =VLOOKUP(E11,$A$4:$C$28,3,TRUE)+(MOD(E11,1)*(VLOOKUP(ROUNDDOWN(E11,0)+1,$A$4:$C$28,3,TRUE)-VLOOKUP(ROUNDDOWN(E11,0),$A$4:$C$28,3,TRUE))) -> 147.44971 | H11: =VLOOKUP(E11,$A$4:$C$28,3,FALSE) -> #N/A
A12: 8 | C12: =B2*1.4051724137931 -> 240.34303 | E12: 2 | F12: 0.083333333 | G12: =VLOOKUP(E12,$A$4:$C$28,3,TRUE)+(MOD(E12,1)*(VLOOKUP(ROUNDDOWN(E12,0)+1,$A$4:$C$28,3,TRUE)-VLOOKUP(ROUNDDOWN(E12,0),$A$4:$C$28,3,TRUE))) -> 144.50072 | H12: =VLOOKUP(E12,$A$4:$C$28,3,FALSE) -> 144.50072
A13: 9 | C13: =B2*1.54310344827586 -> 263.93499 | E13: 2.25 | F13: 0.09375 | G13: =VLOOKUP(E13,$A$4:$C$28,3,TRUE)+(MOD(E13,1)*(VLOOKUP(ROUNDDOWN(E13,0)+1,$A$4:$C$28,3,TRUE)-VLOOKUP(ROUNDDOWN(E13,0),$A$4:$C$28,3,TRUE))) -> 134.54786 | H13: =VLOOKUP(E13,$A$4:$C$28,3,FALSE) -> #N/A
A14: 10 | C14: =B2*1.41379310344828 -> 241.81753 | E14: 2.5 | F14: 0.10416667 | G14: =VLOOKUP(E14,$A$4:$C$28,3,TRUE)+(MOD(E14,1)*(VLOOKUP(ROUNDDOWN(E14,0)+1,$A$4:$C$28,3,TRUE)-VLOOKUP(ROUNDDOWN(E14,0),$A$4:$C$28,3,TRUE))) -> 124.59501 | H14: =VLOOKUP(E14,$A$4:$C$28,3,FALSE) -> #N/A
A15: 11 | C15: =B2*1.2586207 -> 215.27658 | E15: 2.75 | F15: 0.11458333 | G15: =VLOOKUP(E15,$A$4:$C$28,3,TRUE)+(MOD(E15,1)*(VLOOKUP(ROUNDDOWN(E15,0)+1,$A$4:$C$28,3,TRUE)-VLOOKUP(ROUNDDOWN(E15,0),$A$4:$C$28,3,TRUE))) -> 114.64215 | H15: =VLOOKUP(E15,$A$4:$C$28,3,FALSE) -> #N/A
A16: 12 | C16: =B2*1.0948275862069 -> 187.26114 | E16: 3 | F16: 0.125 | G16: =VLOOKUP(E16,$A$4:$C$28,3,TRUE)+(MOD(E16,1)*(VLOOKUP(ROUNDDOWN(E16,0)+1,$A$4:$C$28,3,TRUE)-VLOOKUP(ROUNDDOWN(E16,0),$A$4:$C$28,3,TRUE))) -> 104.6893 | H16: =VLOOKUP(E16,$A$4:$C$28,3,FALSE) -> 104.6893
A17: 13 | C17: =B2*0.96551724137931 -> 165.14368 | E17: 3.25 | F17: 0.13541667 | G17: =VLOOKUP(E17,$A$4:$C$28,3,TRUE)+(MOD(E17,1)*(VLOOKUP(ROUNDDOWN(E17,0)+1,$A$4:$C$28,3,TRUE)-VLOOKUP(ROUNDDOWN(E17,0),$A$4:$C$28,3,TRUE))) -> 101.7403 | H17: =VLOOKUP(E17,$A$4:$C$28,3,FALSE) -> #N/A
A18: 14 | C18: =B2*0.879310344827586 -> 150.39871 | E18: 3.5 | F18: 0.14583333 | G18: =VLOOKUP(E18,$A$4:$C$28,3,TRUE)+(MOD(E18,1)*(VLOOKUP(ROUNDDOWN(E18,0)+1,$A$4:$C$28,3,TRUE)-VLOOKUP(ROUNDDOWN(E18,0),$A$4:$C$28,3,TRUE))) -> 98.791307 | H18: =VLOOKUP(E18,$A$4:$C$28,3,FALSE) -> #N/A
A19: 15 | C19: =B2*0.862068965517241 -> 147.44971 | E19: 3.75 | F19: 0.15625 | G19: =VLOOKUP(E19,$A$4:$C$28,3,TRUE)+(MOD(E19,1)*(VLOOKUP(ROUNDDOWN(E19,0)+1,$A$4:$C$28,3,TRUE)-VLOOKUP(ROUNDDOWN(E19,0),$A$4:$C$28,3,TRUE))) -> 95.842313 | H19: =VLOOKUP(E19,$A$4:$C$28,3,FALSE) -> #N/A
A20: 16 | C20: =B2*0.905172413793104 -> 154.8222 | E20: 4 | F20: 0.16666667 | G20: =VLOOKUP(E20,$A$4:$C$28,3,TRUE)+(MOD(E20,1)*(VLOOKUP(ROUNDDOWN(E20,0)+1,$A$4:$C$28,3,TRUE)-VLOOKUP(ROUNDDOWN(E20,0),$A$4:$C$28,3,TRUE))) -> 92.893319 | H20: =VLOOKUP(E20,$A$4:$C$28,3,FALSE) -> 92.893319
A21: 17 | C21: =B2*1.01724137931034 -> 173.99066 | E21: 4.25 | F21: 0.17708333 | G21: =VLOOKUP(E21,$A$4:$C$28,3,TRUE)+(MOD(E21,1)*(VLOOKUP(ROUNDDOWN(E21,0)+1,$A$4:$C$28,3,TRUE)-VLOOKUP(ROUNDDOWN(E21,0),$A$4:$C$28,3,TRUE))) -> 93.261943 | H21: =VLOOKUP(E21,$A$4:$C$28,3,FALSE) -> #N/A
A22: 18 | C22: =B2*1.1551724137931 -> 197.58261 | E22: 4.5 | F22: 0.1875 | G22: =VLOOKUP(E22,$A$4:$C$28,3,TRUE)+(MOD(E22,1)*(VLOOKUP(ROUNDDOWN(E22,0)+1,$A$4:$C$28,3,TRUE)-VLOOKUP(ROUNDDOWN(E22,0),$A$4:$C$28,3,TRUE))) -> 93.630568 | H22: =VLOOKUP(E22,$A$4:$C$28,3,FALSE) -> #N/A
A23: 19 | C23: =B2*1.23275862068966 -> 210.85309 | E23: 4.75 | F23: 0.19791667 | G23: =VLOOKUP(E23,$A$4:$C$28,3,TRUE)+(MOD(E23,1)*(VLOOKUP(ROUNDDOWN(E23,0)+1,$A$4:$C$28,3,TRUE)-VLOOKUP(ROUNDDOWN(E23,0),$A$4:$C$28,3,TRUE))) -> 93.999192 | H23: =VLOOKUP(E23,$A$4:$C$28,3,FALSE) -> #N/A
A24: 20 | C24: =B2*1.23275862068966 -> 210.85309 | E24: 5 | F24: 0.20833333 | G24: =VLOOKUP(E24,$A$4:$C$28,3,TRUE)+(MOD(E24,1)*(VLOOKUP(ROUNDDOWN(E24,0)+1,$A$4:$C$28,3,TRUE)-VLOOKUP(ROUNDDOWN(E24,0),$A$4:$C$28,3,TRUE))) -> 94.367816 | H24: =VLOOKUP(E24,$A$4:$C$28,3,FALSE) -> 94.367816
A25: 21 | C25: =B2*1.17241379310345 -> 200.53161 | E25: 5.25 | F25: 0.21875 | G25: =VLOOKUP(E25,$A$4:$C$28,3,TRUE)+(MOD(E25,1)*(VLOOKUP(ROUNDDOWN(E25,0)+1,$A$4:$C$28,3,TRUE)-VLOOKUP(ROUNDDOWN(E25,0),$A$4:$C$28,3,TRUE))) -> 96.579562 | H25: =VLOOKUP(E25,$A$4:$C$28,3,FALSE) -> #N/A
A26: 22 | C26: =B2*1.18103448275862 -> 202.00611 | E26: 5.5 | F26: 0.22916667 | G26: =VLOOKUP(E26,$A$4:$C$28,3,TRUE)+(MOD(E26,1)*(VLOOKUP(ROUNDDOWN(E26,0)+1,$A$4:$C$28,3,TRUE)-VLOOKUP(ROUNDDOWN(E26,0),$A$4:$C$28,3,TRUE))) -> 98.791307 | H26: =VLOOKUP(E26,$A$4:$C$28,3,FALSE) -> #N/A
A27: 23 | C27: =B2*1.10344827586207 -> 188.73563 | E27: 5.75 | F27: 0.23958333 | G27: =VLOOKUP(E27,$A$4:$C$28,3,TRUE)+(MOD(E27,1)*(VLOOKUP(ROUNDDOWN(E27,0)+1,$A$4:$C$28,3,TRUE)-VLOOKUP(ROUNDDOWN(E27,0),$A$4:$C$28,3,TRUE))) -> 101.00305 | H27: =VLOOKUP(E27,$A$4:$C$28,3,FALSE) -> #N/A
A28: 24 | C28: =B2*1.01724137931034 -> 173.99066 | E28: 6 | F28: 0.25 | G28: =VLOOKUP(E28,$A$4:$C$28,3,TRUE)+(MOD(E28,1)*(VLOOKUP(ROUNDDOWN(E28,0)+1,$A$4:$C$28,3,TRUE)-VLOOKUP(ROUNDDOWN(E28,0),$A$4:$C$28,3,TRUE))) -> 103.2148 | H28: =VLOOKUP(E28,$A$4:$C$28,3,FALSE) -> 103.2148
E29: 6.25 | F29: 0.26041667 | G29: =VLOOKUP(E29,$A$4:$C$28,3,TRUE)+(MOD(E29,1)*(VLOOKUP(ROUNDDOWN(E29,0)+1,$A$4:$C$28,3,TRUE)-VLOOKUP(ROUNDDOWN(E29,0),$A$4:$C$28,3,TRUE))) -> 116.48527 | H29: =VLOOKUP(E29,$A$4:$C$28,3,FALSE) -> #N/A
E30: 6.5 | F30: 0.27083333 | G30: =VLOOKUP(E30,$A$4:$C$28,3,TRUE)+(MOD(E30,1)*(VLOOKUP(ROUNDDOWN(E30,0)+1,$A$4:$C$28,3,TRUE)-VLOOKUP(ROUNDDOWN(E30,0),$A$4:$C$28,3,TRUE))) -> 129.75575 | H30: =VLOOKUP(E30,$A$4:$C$28,3,FALSE) -> #N/A
E31: 6.75 | F31: 0.28125 | G31: =VLOOKUP(E31,$A$4:$C$28,3,TRUE)+(MOD(E31,1)*(VLOOKUP(ROUNDDOWN(E31,0)+1,$A$4:$C$28,3,TRUE)-VLOOKUP(ROUNDDOWN(E31,0),$A$4:$C$28,3,TRUE))) -> 143.02622 | H31: =VLOOKUP(E31,$A$4:$C$28,3,FALSE) -> #N/A
E32: 7 | F32: 0.29166667 | G32: =VLOOKUP(E32,$A$4:$C$28,3,TRUE)+(MOD(E32,1)*(VLOOKUP(ROUNDDOWN(E32,0)+1,$A$4:$C$28,3,TRUE)-VLOOKUP(ROUNDDOWN(E32,0),$A$4:$C$28,3,TRUE))) -> 156.2967 | H32: =VLOOKUP(E32,$A$4:$C$28,3,FALSE) -> 156.2967
E33: 7.25 | F33: 0.30208333 | G33: =VLOOKUP(E33,$A$4:$C$28,3,TRUE)+(MOD(E33,1)*(VLOOKUP(ROUNDDOWN(E33,0)+1,$A$4:$C$28,3,TRUE)-VLOOKUP(ROUNDDOWN(E33,0),$A$4:$C$28,3,TRUE))) -> 177.30828 | H33: =VLOOKUP(E33,$A$4:$C$28,3,FALSE) -> #N/A
E34: 7.5 | F34: 0.3125 | G34: =VLOOKUP(E34,$A$4:$C$28,3,TRUE)+(MOD(E34,1)*(VLOOKUP(ROUNDDOWN(E34,0)+1,$A$4:$C$28,3,TRUE)-VLOOKUP(ROUNDDOWN(E34,0),$A$4:$C$28,3,TRUE))) -> 198.31986 | H34: =VLOOKUP(E34,$A$4:$C$28,3,FALSE) -> #N/A
E35: 7.75 | F35: 0.32291667 | G35: =VLOOKUP(E35,$A$4:$C$28,3,TRUE)+(MOD(E35,1)*(VLOOKUP(ROUNDDOWN(E35,0)+1,$A$4:$C$28,3,TRUE)-VLOOKUP(ROUNDDOWN(E35,0),$A$4:$C$28,3,TRUE))) -> 219.33145 | H35: =VLOOKUP(E35,$A$4:$C$28,3,FALSE) -> #N/A
E36: 8 | F36: 0.33333333 | G36: =VLOOKUP(E36,$A$4:$C$28,3,TRUE)+(MOD(E36,1)*(VLOOKUP(ROUNDDOWN(E36,0)+1,$A$4:$C$28,3,TRUE)-VLOOKUP(ROUNDDOWN(E36,0),$A$4:$C$28,3,TRUE))) -> 240.34303 | H36: =VLOOKUP(E36,$A$4:$C$28,3,FALSE) -> 240.34303
E37: 8.25 | F37: 0.34375 | G37: =VLOOKUP(E37,$A$4:$C$28,3,TRUE)+(MOD(E37,1)*(VLOOKUP(ROUNDDOWN(E37,0)+1,$A$4:$C$28,3,TRUE)-VLOOKUP(ROUNDDOWN(E37,0),$A$4:$C$28,3,TRUE))) -> 246.24102 | H37: =VLOOKUP(E37,$A$4:$C$28,3,FALSE) -> #N/A
E38: 8.5 | F38: 0.35416667 | G38: =VLOOKUP(E38,$A$4:$C$28,3,TRUE)+(MOD(E38,1)*(VLOOKUP(ROUNDDOWN(E38,0)+1,$A$4:$C$28,3,TRUE)-VLOOKUP(ROUNDDOWN(E38,0),$A$4:$C$28,3,TRUE))) -> 252.13901 | H38: =VLOOKUP(E38,$A$4:$C$28,3,FALSE) -> #N/A
E39: 8.75 | F39: 0.36458333 | G39: =VLOOKUP(E39,$A$4:$C$28,3,TRUE)+(MOD(E39,1)*(VLOOKUP(ROUNDDOWN(E39,0)+1,$A$4:$C$28,3,TRUE)-VLOOKUP(ROUNDDOWN(E39,0),$A$4:$C$28,3,TRUE))) -> 258.037 | H39: =VLOOKUP(E39,$A$4:$C$28,3,FALSE) -> #N/A
E40: 9 | F40: 0.375 | G40: =VLOOKUP(E40,$A$4:$C$28,3,TRUE)+(MOD(E40,1)*(VLOOKUP(ROUNDDOWN(E40,0)+1,$A$4:$C$28,3,TRUE)-VLOOKUP(ROUNDDOWN(E40,0),$A$4:$C$28,3,TRUE))) -> 263.93499 | H40: =VLOOKUP(E40,$A$4:$C$28,3,FALSE) -> 263.93499
... E99: 23.75 | F99: 0.98958333 | G99: =VLOOKUP(E99,$A$4:$C$28,3,TRUE)+(MOD(E99,1)*(VLOOKUP(ROUNDDOWN(E99,0)+1,$A$4:$C$28,3,TRUE)-VLOOKUP(ROUNDDOWN(E99,0),$A$4:$C$28,3,TRUE))) -> 177.6769 | H99: =VLOOKUP(E99,$A$4:$C$28,3,FALSE) -> #N/A

Sheet DWF Uncertainty
A3: Time | B3: Average | C3: 15min | D3: Total | E3: Uncertainty | F3: Contributions
B4: Flow | C4: Volume | D4: Volume | F4: to the
F5: Uncertainty in
B6: (l/s) | C6: (m3) | D6: (m3) | E6: (±%) | F6: TDV (±%)
A7: 0 | B7: =DWF!G4 -> 173.99066 | C7: =SUM(B7*0.9) -> 156.59159 | D7: =SUM(C7) -> 156.59159 | E7: =VLOOKUP(B7,'Data & Results'!$O$6:$P$25,2,TRUE) -> 6.7475847 | F7: =SUM(C7*E7)/$D$104 -> 0.07026253
A8: 0.010416667 | B8: =DWF!G5 -> 169.56717 | C8: =SUM(B8*0.9) -> 152.61045 | D8: =SUM(D7+C8) -> 309.20205 | E8: =VLOOKUP(B8,'Data & Results'!$O$6:$P$25,2,TRUE) -> 7.0088422 | F8: =SUM(C8*E8)/$D$104 -> 0.071127502
A9: 0.020833333 | B9: =DWF!G6 -> 165.14368 | C9: =SUM(B9*0.9) -> 148.62931 | D9: =SUM(D8+C9) -> 457.83136 | E9: =VLOOKUP(B9,'Data & Results'!$O$6:$P$25,2,TRUE) -> 7.0088422 | F9: =SUM(C9*E9)/$D$104 -> 0.069272002
A10: 0.03125 | B10: =DWF!G7 -> 160.72019 | C10: =SUM(B10*0.9) -> 144.64817 | D10: =SUM(D9+C10) -> 602.47953 | E10: =VLOOKUP(B10,'Data & Results'!$O$6:$P$25,2,TRUE) -> 7.0088422 | F10: =SUM(C10*E10)/$D$104 -> 0.067416502
A11: 0.041666667 | B11: =DWF!G8 -> 156.2967 | C11: =SUM(B11*0.9) -> 140.66703 | D11: =SUM(D10+C11) -> 743.14655 | E11: =VLOOKUP(B11,'Data & Results'!$O$6:$P$25,2,TRUE) -> 7.0088422 | F11: =SUM(C11*E11)/$D$104 -> 0.065561002
A12: 0.052083333 | B12: =DWF!G9 -> 153.3477 | C12: =SUM(B12*0.9) -> 138.01293 | D12: =SUM(D11+C12) -> 881.15948 | E12: =VLOOKUP(B12,'Data & Results'!$O$6:$P$25,2,TRUE) -> 7.0088422 | F12: =SUM(C12*E12)/$D$104 -> 0.064324002
A13: 0.0625 | B13: =DWF!G10 -> 150.39871 | C13: =SUM(B13*0.9) -> 135.35884 | D13: =SUM(D12+C13) -> 1016.5183 | E13: =VLOOKUP(B13,'Data & Results'!$O$6:$P$25,2,TRUE) -> 7.0088422 | F13: =SUM(C13*E13)/$D$104 -> 0.063087002
A14: 0.072916667 | B14: =DWF!G11 -> 147.44971 | C14: =SUM(B14*0.9) -> 132.70474 | D14: =SUM(D13+C14) -> 1149.2231 | E14: =VLOOKUP(B14,'Data & Results'!$O$6:$P$25,2,TRUE) -> 7.0088422 | F14: =SUM(C14*E14)/$D$104 -> 0.061850002
A15: 0.083333333 | B15: =DWF!G12 -> 144.50072 | C15: =SUM(B15*0.9) -> 130.05065 | D15: =SUM(D14+C15) -> 1279.2737 | E15: =VLOOKUP(B15,'Data & Results'!$O$6:$P$25,2,TRUE) -> 7.3587059 | F15: =SUM(C15*E15)/$D$104 -> 0.06363865
A16: 0.09375 | B16: =DWF!G13 -> 134.54786 | C16: =SUM(B16*0.9) -> 121.09308 | D16: =SUM(D15+C16) -> 1400.3668 | E16: =VLOOKUP(B16,'Data & Results'!$O$6:$P$25,2,TRUE) -> 7.3587059 | F16: =SUM(C16*E16)/$D$104 -> 0.059255375
A17: 0.10416667 | B17: =DWF!G14 -> 124.59501 | C17: =SUM(B17*0.9) -> 112.13551 | D17: =SUM(D16+C17) -> 1512.5023 | E17: =VLOOKUP(B17,'Data & Results'!$O$6:$P$25,2,TRUE) -> 7.3587059 | F17: =SUM(C17*E17)/$D$104 -> 0.054872101
A18: 0.11458333 | B18: =DWF!G15 -> 114.64215 | C18: =SUM(B18*0.9) -> 103.17794 | D18: =SUM(D17+C18) -> 1615.6802 | E18: =VLOOKUP(B18,'Data & Results'!$O$6:$P$25,2,TRUE) -> 7.8438161 | F18: =SUM(C18*E18)/$D$104 -> 0.053817217
A19: 0.125 | B19: =DWF!G16 -> 104.6893 | C19: =SUM(B19*0.9) -> 94.220366 | D19: =SUM(D18+C19) -> 1709.9006 | E19: =VLOOKUP(B19,'Data & Results'!$O$6:$P$25,2,TRUE) -> 7.8438161 | F19: =SUM(C19*E19)/$D$104 -> 0.049144983
... A102: 0.98958333 | B102: =DWF!G99 -> 177.6769 | C102: =SUM(B102*0.9) -> 159.90921 | D102: =SUM(D101+C102) -> 15038.101 | E102: =VLOOKUP(B102,'Data & Results'!$O$6:$P$25,2,TRUE) -> 6.7475847 | F102: =SUM(C102*E102)/$D$104 -> 0.071751143
D103: Q (m3) | F103: UQ (±%)
C104: Total | D104: =D102 -> 15038.101 | F104: =SUM(F7:F102) -> 6.833744

Sheet FFT
A2: DWF | B2: ='Input Data'!D9 -> 365.47454 | C2: l/s
A3: Time | B3: DWF | C3: Flow | E3: Time 2 | F3: Time Real | G3: New Flow | H3: Original
A4: 0 | C4: =B2*1.01724137931034 -> 371.77582 | E4: 0 | F4: 0 | G4: =VLOOKUP(E4,$A$4:$C$28,3,TRUE)+(MOD(E4,1)*(VLOOKUP(ROUNDDOWN(E4,0)+1,$A$4:$C$28,3,TRUE)-VLOOKUP(ROUNDDOWN(E4,0),$A$4:$C$28,3,TRUE))) -> 371.77582 | H4: =VLOOKUP(E4,$A$4:$C$28,3,FALSE) -> 371.77582
A5: 1 | C5: =B2*0.913793103448276 -> 333.96811 | E5: 0.25 | F5: 0.010416667 | G5: =VLOOKUP(E5,$A$4:$C$28,3,TRUE)+(MOD(E5,1)*(VLOOKUP(ROUNDDOWN(E5,0)+1,$A$4:$C$28,3,TRUE)-VLOOKUP(ROUNDDOWN(E5,0),$A$4:$C$28,3,TRUE))) -> 362.32389 | H5: =VLOOKUP(E5,$A$4:$C$28,3,FALSE) -> #N/A
A6: 2 | C6: =B2*0.844827586206897 -> 308.76297 | E6: 0.5 | F6: 0.020833333 | G6: =VLOOKUP(E6,$A$4:$C$28,3,TRUE)+(MOD(E6,1)*(VLOOKUP(ROUNDDOWN(E6,0)+1,$A$4:$C$28,3,TRUE)-VLOOKUP(ROUNDDOWN(E6,0),$A$4:$C$28,3,TRUE))) -> 352.87197 | H6: =VLOOKUP(E6,$A$4:$C$28,3,FALSE) -> #N/A
A7: 3 | C7: =B2*0.612068965517241 -> 223.69562 | E7: 0.75 | F7: 0.03125 | G7: =VLOOKUP(E7,$A$4:$C$28,3,TRUE)+(MOD(E7,1)*(VLOOKUP(ROUNDDOWN(E7,0)+1,$A$4:$C$28,3,TRUE)-VLOOKUP(ROUNDDOWN(E7,0),$A$4:$C$28,3,TRUE))) -> 343.42004 | H7: =VLOOKUP(E7,$A$4:$C$28,3,FALSE) -> #N/A
A8: 4 | C8: =B2*0.543103448275862 -> 198.49048 | E8: 1 | F8: 0.041666667 | G8: =VLOOKUP(E8,$A$4:$C$28,3,TRUE)+(MOD(E8,1)*(VLOOKUP(ROUNDDOWN(E8,0)+1,$A$4:$C$28,3,TRUE)-VLOOKUP(ROUNDDOWN(E8,0),$A$4:$C$28,3,TRUE))) -> 333.96811 | H8: =VLOOKUP(E8,$A$4:$C$28,3,FALSE) -> 333.96811
A9: 5 | C9: =B2*0.551724137931035 -> 201.64112 | E9: 1.25 | F9: 0.052083333 | G9: =VLOOKUP(E9,$A$4:$C$28,3,TRUE)+(MOD(E9,1)*(VLOOKUP(ROUNDDOWN(E9,0)+1,$A$4:$C$28,3,TRUE)-VLOOKUP(ROUNDDOWN(E9,0),$A$4:$C$28,3,TRUE))) -> 327.66683 | H9: =VLOOKUP(E9,$A$4:$C$28,3,FALSE) -> #N/A
A10: 6 | C10: =B2*0.603448275862069 -> 220.54498 | E10: 1.5 | F10: 0.0625 | G10: =VLOOKUP(E10,$A$4:$C$28,3,TRUE)+(MOD(E10,1)*(VLOOKUP(ROUNDDOWN(E10,0)+1,$A$4:$C$28,3,TRUE)-VLOOKUP(ROUNDDOWN(E10,0),$A$4:$C$28,3,TRUE))) -> 321.36554 | H10: =VLOOKUP(E10,$A$4:$C$28,3,FALSE) -> #N/A
A11: 7 | C11: =B2*0.913793103448276 -> 333.96811 | E11: 1.75 | F11: 0.072916667 | G11: =VLOOKUP(E11,$A$4:$C$28,3,TRUE)+(MOD(E11,1)*(VLOOKUP(ROUNDDOWN(E11,0)+1,$A$4:$C$28,3,TRUE)-VLOOKUP(ROUNDDOWN(E11,0),$A$4:$C$28,3,TRUE))) -> 315.06426 | H11: =VLOOKUP(E11,$A$4:$C$28,3,FALSE) -> #N/A
A12: 8 | C12: =B2*1.4051724137931 -> 513.55474 | E12: 2 | F12: 0.083333333 | G12: =VLOOKUP(E12,$A$4:$C$28,3,TRUE)+(MOD(E12,1)*(VLOOKUP(ROUNDDOWN(E12,0)+1,$A$4:$C$28,3,TRUE)-VLOOKUP(ROUNDDOWN(E12,0),$A$4:$C$28,3,TRUE))) -> 308.76297 | H12: =VLOOKUP(E12,$A$4:$C$28,3,FALSE) -> 308.76297
A13: 9 | C13: =B2*1.54310344827586 -> 563.96502 | E13: 2.25 | F13: 0.09375 | G13: =VLOOKUP(E13,$A$4:$C$28,3,TRUE)+(MOD(E13,1)*(VLOOKUP(ROUNDDOWN(E13,0)+1,$A$4:$C$28,3,TRUE)-VLOOKUP(ROUNDDOWN(E13,0),$A$4:$C$28,3,TRUE))) -> 287.49613 | H13: =VLOOKUP(E13,$A$4:$C$28,3,FALSE) -> #N/A
A14: 10 | C14: =B2*1.41379310344828 -> 516.70538 | E14: 2.5 | F14: 0.10416667 | G14: =VLOOKUP(E14,$A$4:$C$28,3,TRUE)+(MOD(E14,1)*(VLOOKUP(ROUNDDOWN(E14,0)+1,$A$4:$C$28,3,TRUE)-VLOOKUP(ROUNDDOWN(E14,0),$A$4:$C$28,3,TRUE))) -> 266.2293 | H14: =VLOOKUP(E14,$A$4:$C$28,3,FALSE) -> #N/A
A15: 11 | C15: =B2*1.2586207 -> 459.99382 | E15: 2.75 | F15: 0.11458333 | G15: =VLOOKUP(E15,$A$4:$C$28,3,TRUE)+(MOD(E15,1)*(VLOOKUP(ROUNDDOWN(E15,0)+1,$A$4:$C$28,3,TRUE)-VLOOKUP(ROUNDDOWN(E15,0),$A$4:$C$28,3,TRUE))) -> 244.96246 | H15: =VLOOKUP(E15,$A$4:$C$28,3,FALSE) -> #N/A
A16: 12 | C16: =B2*1.0948275862069 -> 400.13161 | E16: 3 | F16: 0.125 | G16: =VLOOKUP(E16,$A$4:$C$28,3,TRUE)+(MOD(E16,1)*(VLOOKUP(ROUNDDOWN(E16,0)+1,$A$4:$C$28,3,TRUE)-VLOOKUP(ROUNDDOWN(E16,0),$A$4:$C$28,3,TRUE))) -> 223.69562 | H16: =VLOOKUP(E16,$A$4:$C$28,3,FALSE) -> 223.69562
A17: 13 | C17: =B2*0.96551724137931 -> 352.87197 | E17: 3.25 | F17: 0.13541667 | G17: =VLOOKUP(E17,$A$4:$C$28,3,TRUE)+(MOD(E17,1)*(VLOOKUP(ROUNDDOWN(E17,0)+1,$A$4:$C$28,3,TRUE)-VLOOKUP(ROUNDDOWN(E17,0),$A$4:$C$28,3,TRUE))) -> 217.39434 | H17: =VLOOKUP(E17,$A$4:$C$28,3,FALSE) -> #N/A
A18: 14 | C18: =B2*0.879310344827586 -> 321.36554 | E18: 3.5 | F18: 0.14583333 | G18: =VLOOKUP(E18,$A$4:$C$28,3,TRUE)+(MOD(E18,1)*(VLOOKUP(ROUNDDOWN(E18,0)+1,$A$4:$C$28,3,TRUE)-VLOOKUP(ROUNDDOWN(E18,0),$A$4:$C$28,3,TRUE))) -> 211.09305 | H18: =VLOOKUP(E18,$A$4:$C$28,3,FALSE) -> #N/A
A19: 15 | C19: =B2*0.862068965517241 -> 315.06426 | E19: 3.75 | F19: 0.15625 | G19: =VLOOKUP(E19,$A$4:$C$28,3,TRUE)+(MOD(E19,1)*(VLOOKUP(ROUNDDOWN(E19,0)+1,$A$4:$C$28,3,TRUE)-VLOOKUP(ROUNDDOWN(E19,0),$A$4:$C$28,3,TRUE))) -> 204.79177 | H19: =VLOOKUP(E19,$A$4:$C$28,3,FALSE) -> #N/A
A20: 16 | C20: =B2*0.905172413793104 -> 330.81747 | E20: 4 | F20: 0.16666667 | G20: =VLOOKUP(E20,$A$4:$C$28,3,TRUE)+(MOD(E20,1)*(VLOOKUP(ROUNDDOWN(E20,0)+1,$A$4:$C$28,3,TRUE)-VLOOKUP(ROUNDDOWN(E20,0),$A$4:$C$28,3,TRUE))) -> 198.49048 | H20: =VLOOKUP(E20,$A$4:$C$28,3,FALSE) -> 198.49048
A21: 17 | C21: =B2*1.01724137931034 -> 371.77582 | E21: 4.25 | F21: 0.17708333 | G21: =VLOOKUP(E21,$A$4:$C$28,3,TRUE)+(MOD(E21,1)*(VLOOKUP(ROUNDDOWN(E21,0)+1,$A$4:$C$28,3,TRUE)-VLOOKUP(ROUNDDOWN(E21,0),$A$4:$C$28,3,TRUE))) -> 199.27814 | H21: =VLOOKUP(E21,$A$4:$C$28,3,FALSE) -> #N/A
A22: 18 | C22: =B2*1.1551724137931 -> 422.1861 | E22: 4.5 | F22: 0.1875 | G22: =VLOOKUP(E22,$A$4:$C$28,3,TRUE)+(MOD(E22,1)*(VLOOKUP(ROUNDDOWN(E22,0)+1,$A$4:$C$28,3,TRUE)-VLOOKUP(ROUNDDOWN(E22,0),$A$4:$C$28,3,TRUE))) -> 200.0658 | H22: =VLOOKUP(E22,$A$4:$C$28,3,FALSE) -> #N/A
A23: 19 | C23: =B2*1.23275862068966 -> 450.54189 | E23: 4.75 | F23: 0.19791667 | G23: =VLOOKUP(E23,$A$4:$C$28,3,TRUE)+(MOD(E23,1)*(VLOOKUP(ROUNDDOWN(E23,0)+1,$A$4:$C$28,3,TRUE)-VLOOKUP(ROUNDDOWN(E23,0),$A$4:$C$28,3,TRUE))) -> 200.85346 | H23: =VLOOKUP(E23,$A$4:$C$28,3,FALSE) -> #N/A
A24: 20 | C24: =B2*1.23275862068966 -> 450.54189 | E24: 5 | F24: 0.20833333 | G24: =VLOOKUP(E24,$A$4:$C$28,3,TRUE)+(MOD(E24,1)*(VLOOKUP(ROUNDDOWN(E24,0)+1,$A$4:$C$28,3,TRUE)-VLOOKUP(ROUNDDOWN(E24,0),$A$4:$C$28,3,TRUE))) -> 201.64112 | H24: =VLOOKUP(E24,$A$4:$C$28,3,FALSE) -> 201.64112
A25: 21 | C25: =B2*1.17241379310345 -> 428.48739 | E25: 5.25 | F25: 0.21875 | G25: =VLOOKUP(E25,$A$4:$C$28,3,TRUE)+(MOD(E25,1)*(VLOOKUP(ROUNDDOWN(E25,0)+1,$A$4:$C$28,3,TRUE)-VLOOKUP(ROUNDDOWN(E25,0),$A$4:$C$28,3,TRUE))) -> 206.36709 | H25: =VLOOKUP(E25,$A$4:$C$28,3,FALSE) -> #N/A
A26: 22 | C26: =B2*1.18103448275862 -> 431.63803 | E26: 5.5 | F26: 0.22916667 | G26: =VLOOKUP(E26,$A$4:$C$28,3,TRUE)+(MOD(E26,1)*(VLOOKUP(ROUNDDOWN(E26,0)+1,$A$4:$C$28,3,TRUE)-VLOOKUP(ROUNDDOWN(E26,0),$A$4:$C$28,3,TRUE))) -> 211.09305 | H26: =VLOOKUP(E26,$A$4:$C$28,3,FALSE) -> #N/A
A27: 23 | C27: =B2*1.10344827586207 -> 403.28225 | E27: 5.75 | F27: 0.23958333 | G27: =VLOOKUP(E27,$A$4:$C$28,3,TRUE)+(MOD(E27,1)*(VLOOKUP(ROUNDDOWN(E27,0)+1,$A$4:$C$28,3,TRUE)-VLOOKUP(ROUNDDOWN(E27,0),$A$4:$C$28,3,TRUE))) -> 215.81902 | H27: =VLOOKUP(E27,$A$4:$C$28,3,FALSE) -> #N/A
A28: 24 | C28: =B2*1.01724137931034 -> 371.77582 | E28: 6 | F28: 0.25 | G28: =VLOOKUP(E28,$A$4:$C$28,3,TRUE)+(MOD(E28,1)*(VLOOKUP(ROUNDDOWN(E28,0)+1,$A$4:$C$28,3,TRUE)-VLOOKUP(ROUNDDOWN(E28,0),$A$4:$C$28,3,TRUE))) -> 220.54498 | H28: =VLOOKUP(E28,$A$4:$C$28,3,FALSE) -> 220.54498
E29: 6.25 | F29: 0.26041667 | G29: =VLOOKUP(E29,$A$4:$C$28,3,TRUE)+(MOD(E29,1)*(VLOOKUP(ROUNDDOWN(E29,0)+1,$A$4:$C$28,3,TRUE)-VLOOKUP(ROUNDDOWN(E29,0),$A$4:$C$28,3,TRUE))) -> 248.90076 | H29: =VLOOKUP(E29,$A$4:$C$28,3,FALSE) -> #N/A
E30: 6.5 | F30: 0.27083333 | G30: =VLOOKUP(E30,$A$4:$C$28,3,TRUE)+(MOD(E30,1)*(VLOOKUP(ROUNDDOWN(E30,0)+1,$A$4:$C$28,3,TRUE)-VLOOKUP(ROUNDDOWN(E30,0),$A$4:$C$28,3,TRUE))) -> 277.25655 | H30: =VLOOKUP(E30,$A$4:$C$28,3,FALSE) -> #N/A
E31: 6.75 | F31: 0.28125 | G31: =VLOOKUP(E31,$A$4:$C$28,3,TRUE)+(MOD(E31,1)*(VLOOKUP(ROUNDDOWN(E31,0)+1,$A$4:$C$28,3,TRUE)-VLOOKUP(ROUNDDOWN(E31,0),$A$4:$C$28,3,TRUE))) -> 305.61233 | H31: =VLOOKUP(E31,$A$4:$C$28,3,FALSE) -> #N/A
E32: 7 | F32: 0.29166667 | G32: =VLOOKUP(E32,$A$4:$C$28,3,TRUE)+(MOD(E32,1)*(VLOOKUP(ROUNDDOWN(E32,0)+1,$A$4:$C$28,3,TRUE)-VLOOKUP(ROUNDDOWN(E32,0),$A$4:$C$28,3,TRUE))) -> 333.96811 | H32: =VLOOKUP(E32,$A$4:$C$28,3,FALSE) -> 333.96811
E33: 7.25 | F33: 0.30208333 | G33: =VLOOKUP(E33,$A$4:$C$28,3,TRUE)+(MOD(E33,1)*(VLOOKUP(ROUNDDOWN(E33,0)+1,$A$4:$C$28,3,TRUE)-VLOOKUP(ROUNDDOWN(E33,0),$A$4:$C$28,3,TRUE))) -> 378.86477 | H33: =VLOOKUP(E33,$A$4:$C$28,3,FALSE) -> #N/A
E34: 7.5 | F34: 0.3125 | G34: =VLOOKUP(E34,$A$4:$C$28,3,TRUE)+(MOD(E34,1)*(VLOOKUP(ROUNDDOWN(E34,0)+1,$A$4:$C$28,3,TRUE)-VLOOKUP(ROUNDDOWN(E34,0),$A$4:$C$28,3,TRUE))) -> 423.76142 | H34: =VLOOKUP(E34,$A$4:$C$28,3,FALSE) -> #N/A
E35: 7.75 | F35: 0.32291667 | G35: =VLOOKUP(E35,$A$4:$C$28,3,TRUE)+(MOD(E35,1)*(VLOOKUP(ROUNDDOWN(E35,0)+1,$A$4:$C$28,3,TRUE)-VLOOKUP(ROUNDDOWN(E35,0),$A$4:$C$28,3,TRUE))) -> 468.65808 | H35: =VLOOKUP(E35,$A$4:$C$28,3,FALSE) -> #N/A
E36: 8 | F36: 0.33333333 | G36: =VLOOKUP(E36,$A$4:$C$28,3,TRUE)+(MOD(E36,1)*(VLOOKUP(ROUNDDOWN(E36,0)+1,$A$4:$C$28,3,TRUE)-VLOOKUP(ROUNDDOWN(E36,0),$A$4:$C$28,3,TRUE))) -> 513.55474 | H36: =VLOOKUP(E36,$A$4:$C$28,3,FALSE) -> 513.55474
E37: 8.25 | F37: 0.34375 | G37: =VLOOKUP(E37,$A$4:$C$28,3,TRUE)+(MOD(E37,1)*(VLOOKUP(ROUNDDOWN(E37,0)+1,$A$4:$C$28,3,TRUE)-VLOOKUP(ROUNDDOWN(E37,0),$A$4:$C$28,3,TRUE))) -> 526.15731 | H37: =VLOOKUP(E37,$A$4:$C$28,3,FALSE) -> #N/A
E38: 8.5 | F38: 0.35416667 | G38: =VLOOKUP(E38,$A$4:$C$28,3,TRUE)+(MOD(E38,1)*(VLOOKUP(ROUNDDOWN(E38,0)+1,$A$4:$C$28,3,TRUE)-VLOOKUP(ROUNDDOWN(E38,0),$A$4:$C$28,3,TRUE))) -> 538.75988 | H38: =VLOOKUP(E38,$A$4:$C$28,3,FALSE) -> #N/A
E39: 8.75 | F39: 0.36458333 | G39: =VLOOKUP(E39,$A$4:$C$28,3,TRUE)+(MOD(E39,1)*(VLOOKUP(ROUNDDOWN(E39,0)+1,$A$4:$C$28,3,TRUE)-VLOOKUP(ROUNDDOWN(E39,0),$A$4:$C$28,3,TRUE))) -> 551.36245 | H39: =VLOOKUP(E39,$A$4:$C$28,3,FALSE) -> #N/A
E40: 9 | F40: 0.375 | G40: =VLOOKUP(E40,$A$4:$C$28,3,TRUE)+(MOD(E40,1)*(VLOOKUP(ROUNDDOWN(E40,0)+1,$A$4:$C$28,3,TRUE)-VLOOKUP(ROUNDDOWN(E40,0),$A$4:$C$28,3,TRUE))) -> 563.96502 | H40: =VLOOKUP(E40,$A$4:$C$28,3,FALSE) -> 563.96502
... E99: 23.75 | F99: 0.98958333 | G99: =VLOOKUP(E99,$A$4:$C$28,3,TRUE)+(MOD(E99,1)*(VLOOKUP(ROUNDDOWN(E99,0)+1,$A$4:$C$28,3,TRUE)-VLOOKUP(ROUNDDOWN(E99,0),$A$4:$C$28,3,TRUE))) -> 379.65243 | H99: =VLOOKUP(E99,$A$4:$C$28,3,FALSE) -> #N/A

Sheet FFT Uncertainty
A3: Time | B3: Average | C3: 15min | D3: Total | E3: Uncertainty | F3: Contributions
B4: Flow | C4: Volume | D4: Volume | F4: to the
F5: Uncertainty in
B6: (l/s) | C6: (m3) | D6: (m3) | E6: (±%) | F6: TDV (±%)
A7: 0 | B7: =FFT!G4 -> 371.77582 | C7: =SUM(B7*0.9) -> 334.59824 | D7: =SUM(C7) -> 334.59824 | E7: =VLOOKUP(B7,'Data & Results'!$O$6:$P$25,2,TRUE) -> 6.0210548 | F7: =SUM(C7*E7)/$D$104 -> 0.062697182
A8: 0.010416667 | B8: =FFT!G5 -> 362.32389 | C8: =SUM(B8*0.9) -> 326.09151 | D8: =SUM(D7+C8) -> 660.68974 | E8: =VLOOKUP(B8,'Data & Results'!$O$6:$P$25,2,TRUE) -> 6.0210548 | F8: =SUM(C8*E8)/$D$104 -> 0.061103186
A9: 0.020833333 | B9: =FFT!G6 -> 352.87197 | C9: =SUM(B9*0.9) -> 317.58477 | D9: =SUM(D8+C9) -> 978.27452 | E9: =VLOOKUP(B9,'Data & Results'!$O$6:$P$25,2,TRUE) -> 6.0210548 | F9: =SUM(C9*E9)/$D$104 -> 0.05950919
A10: 0.03125 | B10: =FFT!G7 -> 343.42004 | C10: =SUM(B10*0.9) -> 309.07804 | D10: =SUM(D9+C10) -> 1287.3526 | E10: =VLOOKUP(B10,'Data & Results'!$O$6:$P$25,2,TRUE) -> 6.0879848 | F10: =SUM(C10*E10)/$D$104 -> 0.058558978
A11: 0.041666667 | B11: =FFT!G8 -> 333.96811 | C11: =SUM(B11*0.9) -> 300.5713 | D11: =SUM(D10+C11) -> 1587.9239 | E11: =VLOOKUP(B11,'Data & Results'!$O$6:$P$25,2,TRUE) -> 6.0879848 | F11: =SUM(C11*E11)/$D$104 -> 0.056947263
A12: 0.052083333 | B12: =FFT!G9 -> 327.66683 | C12: =SUM(B12*0.9) -> 294.90014 | D12: =SUM(D11+C12) -> 1882.824 | E12: =VLOOKUP(B12,'Data & Results'!$O$6:$P$25,2,TRUE) -> 6.0879848 | F12: =SUM(C12*E12)/$D$104 -> 0.055872787
A13: 0.0625 | B13: =FFT!G10 -> 321.36554 | C13: =SUM(B13*0.9) -> 289.22899 | D13: =SUM(D12+C13) -> 2172.053 | E13: =VLOOKUP(B13,'Data & Results'!$O$6:$P$25,2,TRUE) -> 6.0879848 | F13: =SUM(C13*E13)/$D$104 -> 0.05479831
A14: 0.072916667 | B14: =FFT!G11 -> 315.06426 | C14: =SUM(B14*0.9) -> 283.55783 | D14: =SUM(D13+C14) -> 2455.6108 | E14: =VLOOKUP(B14,'Data & Results'!$O$6:$P$25,2,TRUE) -> 6.1686821 | F14: =SUM(C14*E14)/$D$104 -> 0.054435953
A15: 0.083333333 | B15: =FFT!G12 -> 308.76297 | C15: =SUM(B15*0.9) -> 277.88667 | D15: =SUM(D14+C15) -> 2733.4975 | E15: =VLOOKUP(B15,'Data & Results'!$O$6:$P$25,2,TRUE) -> 6.1686821 | F15: =SUM(C15*E15)/$D$104 -> 0.053347234
A16: 0.09375 | B16: =FFT!G13 -> 287.49613 | C16: =SUM(B16*0.9) -> 258.74652 | D16: =SUM(D15+C16) -> 2992.244 | E16: =VLOOKUP(B16,'Data & Results'!$O$6:$P$25,2,TRUE) -> 6.1686821 | F16: =SUM(C16*E16)/$D$104 -> 0.049672807
A17: 0.10416667 | B17: =FFT!G14 -> 266.2293 | C17: =SUM(B17*0.9) -> 239.60637 | D17: =SUM(D16+C17) -> 3231.8504 | E17: =VLOOKUP(B17,'Data & Results'!$O$6:$P$25,2,TRUE) -> 6.2691957 | F17: =SUM(C17*E17)/$D$104 -> 0.046747885
A18: 0.11458333 | B18: =FFT!G15 -> 244.96246 | C18: =SUM(B18*0.9) -> 220.46621 | D18: =SUM(D17+C18) -> 3452.3166 | E18: =VLOOKUP(B18,'Data & Results'!$O$6:$P$25,2,TRUE) -> 6.3924871 | F18: =SUM(C18*E18)/$D$104 -> 0.043859502
A19: 0.125 | B19: =FFT!G16 -> 223.69562 | C19: =SUM(B19*0.9) -> 201.32606 | D19: =SUM(D18+C19) -> 3653.6426 | E19: =VLOOKUP(B19,'Data & Results'!$O$6:$P$25,2,TRUE) -> 6.5474591 | F19: =SUM(C19*E19)/$D$104 -> 0.041022732
... A102: 0.98958333 | B102: =FFT!G99 -> 379.65243 | C102: =SUM(B102*0.9) -> 341.68719 | D102: =SUM(D101+C102) -> 32132.773 | E102: =VLOOKUP(B102,'Data & Results'!$O$6:$P$25,2,TRUE) -> 6.0210548 | F102: =SUM(C102*E102)/$D$104 -> 0.064025512
D103: Q (m3) | F103: UQ (±%)
C104: Total | D104: =D102 -> 32132.773 | F104: =SUM(F7:F102) -> 6.4289903

Sheet Calculations
A1: h | B1: A | C1: a0 | D1: Cv0(i) | E1: Cv0(ii) | F1: Cv0(iii) | G1: Cv0(iv) | H1: Q0 | I1: (Re/10^5)1 | J1: (del*/L)1a | K1: (del*/L)1b | L1: (del*/L)1 | M1: be1 | N1: he1 | O1: a1 | P1: Cv1(i) | Q1: Cv1(ii) | R1: Cv1(iii) | S1: Cv1(iv) | T1: CD1 | U1: Q1 | V1: (Re/10^5)2 | W1: (del*/L)2a | X1: (del*/L)2b | Y1: (del*/L)2 | Z1: be2 | AA1: he2 | AB1: a2 | AC1: Cv2(I) | AD1: Cv2(ii) | AE1: Cv2(iii) | AF1: Cv2(iv) | AG1: CD2 | AH1: Q2 | AI1: (Re/10^5)3 | AJ1: (del*/L)3a | AK1: (del*/L)3b | AL1: (del*/L)3 | AM1: be3 | AN1: he3 | AO1: a3 | AP1: Cv3(i) | AQ1: Cv3(ii) | AR1: Cv3(iii) | AS1: Cv3(iv) | AT1: CD3 | AU1: Q3 | AW1: Q | AX1: CD | AY1: Cv | AZ1: del*/L | BA1: Re/10^5
A2: 0.001 | B2: =Ba*(A2+rho) -> 0.023946833 | C2: =(4/27)*(b*A2/B2)^2 -> 0.00010945884 | D2: =SQRT(1.1-($C2*1.1-POWER(1.1,1/3)+1)/($C2-POWER(1.1,-2/3)/3)) -> 0.9985768 | E2: =SQRT(D2-($C2*D2-POWER(D2,1/3)+1)/($C2-POWER(D2,-2/3)/3)) -> 1.0001637 | F2: =SQRT(E2-($C2*E2-POWER(E2,1/3)+1)/($C2-POWER(E2,-2/3)/3)) -> 1.0001642 | G2: =SQRT(F2-($C2*F2-POWER(F2,1/3)+1)/($C2-POWER(F2,-2/3)/3)) -> 1.0001642 | H2: =SQRT(gn*(2*A2/3)^3)*G2*b -> 3.5098967e-05 | I2: =(L/nu)*POWER(gn*H2/b,1/3)/10^5 -> 0.70880538 | J2: =VLOOKUP($I2,Graph!$D$3:$M$50,col) -> #N/A | K2: =VLOOKUP($I2,Graph!$D$3:$M$50,col+1) -> #N/A | L2: =J2+Ratio*(K2-J2) -> #N/A | M2: =b-2*L2*L -> #N/A | N2: =A2-L2*L -> #N/A | O2: =(4/27)*(M2*N2/B2)^2 -> #N/A | P2: =SQRT(G2-(O2*G2-POWER(G2,1/3)+1)/(O2-POWER(G2,-2/3)/3)) -> #N/A | Q2: =SQRT(P2-(O2*P2-POWER(P2,1/3)+1)/(O2-POWER(P2,-2/3)/3)) -> #N/A | R2: =SQRT(Q2-(O2*Q2-POWER(Q2,1/3)+1)/(O2-POWER(Q2,-2/3)/3)) -> #N/A | S2: =SQRT(R2-(O2*R2-POWER(R2,1/3)+1)/(O2-POWER(R2,-2/3)/3)) -> #N/A | T2: =(M2/b)*POWER(N2/A2,3/2) -> #N/A | U2: =SQRT(gn*(2*A2/3)^3)*S2*T2*b -> #N/A | V2: =(L/nu)*POWER(gn*U2/b,1/3)/10^5 -> #N/A | W2: =VLOOKUP(V2,Graph!$D$3:$M$50,col) -> #N/A | X2: =VLOOKUP(V2,Graph!$D$3:$M$50,col+1) -> #N/A | Y2: =W2+Ratio*(X2-W2) -> #N/A | Z2: =b-2*Y2*L -> #N/A | AA2: =A2-Y2*L -> #N/A | AB2: =(4/27)*(Z2*AA2/B2)^2 -> #N/A | AC2: =SQRT(S2-(AB2*S2-POWER(S2,1/3)+1)/(AB2-POWER(S2,-2/3)/3)) -> #N/A | AD2: =SQRT(AC2-(AB2*AC2-POWER(AC2,1/3)+1)/(AB2-POWER(AC2,-2/3)/3)) -> #N/A | AE2: =SQRT(AD2-(AB2*AD2-POWER(AD2,1/3)+1)/(AB2-POWER(AD2,-2/3)/3)) -> #N/A | AF2: =SQRT(AE2-(AB2*AE2-POWER(AE2,1/3)+1)/(AB2-POWER(AE2,-2/3)/3)) -> #N/A | AG2: =(Z2/b)*POWER(AA2/A2,3/2) -> #N/A | AH2: =SQRT(gn*(2*A2/3)^3)*AF2*AG2*b -> #N/A | AI2: =(L/nu)*POWER(gn*AH2/b,1/3)/10^5 -> #N/A | AJ2: =VLOOKUP(AI2,Graph!$D$3:$M$50,col) -> #N/A | AK2: =VLOOKUP(AI2,Graph!$D$3:$M$50,col+1) -> #N/A | AL2: =AJ2+Ratio*(AK2-AJ2) -> #N/A | AM2: =b-2*AL2*L -> #N/A | AN2: =A2-AL2*L -> #N/A | AO2: =(4/27)*(AM2*AN2/B2)^2 -> #N/A | AP2: =SQRT(AF2-(AO2*AF2-POWER(AF2,1/3)+1)/(AO2-POWER(AF2,-2/3)/3)) -> #N/A | AQ2: =SQRT(AP2-(AO2*AP2-POWER(AP2,1/3)+1)/(AO2-POWER(AP2,-2/3)/3)) -> #N/A | AR2: =SQRT(AQ2-(AO2*AQ2-POWER(AQ2,1/3)+1)/(AO2-POWER(AQ2,-2/3)/3)) -> #N/A | AS2: =SQRT(AR2-(AO2*AR2-POWER(AR2,1/3)+1)/(AO2-POWER(AR2,-2/3)/3)) -> #N/A | AT2: =(AM2/b)*POWER(AN2/A2,3/2) -> #N/A | AU2: =SQRT(gn*(2*A2/3)^3)*AS2*AT2*b -> #N/A | AV2: =1 -> 1 | AW2: =AU2*1000 -> #N/A | AX2: =AT2 -> #N/A | AY2: =AS2 -> #N/A | AZ2: =AL2 -> #N/A | BA2: =AI2 -> #N/A
A3: =A2+0.001 -> 0.002 | B3: =Ba*(A3+rho) -> 0.024988 | C3: =(4/27)*(b*A3/B3)^2 -> 0.0004021092 | D3: =SQRT(1.1-($C3*1.1-POWER(1.1,1/3)+1)/($C3-POWER(1.1,-2/3)/3)) -> 0.9990444 | E3: =SQRT(D3-($C3*D3-POWER(D3,1/3)+1)/($C3-POWER(D3,-2/3)/3)) -> 1.0006032 | F3: =SQRT(E3-($C3*E3-POWER(E3,1/3)+1)/($C3-POWER(E3,-2/3)/3)) -> 1.0006039 | G3: =SQRT(F3-($C3*F3-POWER(F3,1/3)+1)/($C3-POWER(F3,-2/3)/3)) -> 1.0006039 | H3: =SQRT(gn*(2*A3/3)^3)*G3*b -> 9.9318508e-05 | I3: =(L/nu)*POWER(gn*H3/b,1/3)/10^5 -> 1.002549 | J3: =VLOOKUP($I3,Graph!$D$3:$M$50,col) -> 0.0054 | K3: =VLOOKUP($I3,Graph!$D$3:$M$50,col+1) -> 0.0054 | L3: =J3+Ratio*(K3-J3) -> 0.0054 | M3: =b-2*L3*L -> 0.64011667 | N3: =A3-L3*L -> -0.0034 | O3: =(4/27)*(M3*N3/B3)^2 -> 0.0011238526 | P3: =SQRT(G3-(O3*G3-POWER(G3,1/3)+1)/(O3-POWER(G3,-2/3)/3)) -> 1.0016907 | Q3: =SQRT(P3-(O3*P3-POWER(P3,1/3)+1)/(O3-POWER(P3,-2/3)/3)) -> 1.0016915 | R3: =SQRT(Q3-(O3*Q3-POWER(Q3,1/3)+1)/(O3-POWER(Q3,-2/3)/3)) -> 1.0016915 | S3: =SQRT(R3-(O3*R3-POWER(R3,1/3)+1)/(O3-POWER(R3,-2/3)/3)) -> 1.0016915 | T3: =(M3/b)*POWER(N3/A3,3/2) -> #NUM! | U3: =SQRT(gn*(2*A3/3)^3)*S3*T3*b -> #NUM! | V3: =(L/nu)*POWER(gn*U3/b,1/3)/10^5 -> #NUM! | W3: =VLOOKUP(V3,Graph!$D$3:$M$50,col) -> #NUM! | X3: =VLOOKUP(V3,Graph!$D$3:$M$50,col+1) -> #NUM! | Y3: =W3+Ratio*(X3-W3) -> #NUM! | Z3: =b-2*Y3*L -> #NUM! | AA3: =A3-Y3*L -> #NUM! | AB3: =(4/27)*(Z3*AA3/B3)^2 -> #NUM! | AC3: =SQRT(S3-(AB3*S3-POWER(S3,1/3)+1)/(AB3-POWER(S3,-2/3)/3)) -> #NUM! | AD3: =SQRT(AC3-(AB3*AC3-POWER(AC3,1/3)+1)/(AB3-POWER(AC3,-2/3)/3)) -> #NUM! | AE3: =SQRT(AD3-(AB3*AD3-POWER(AD3,1/3)+1)/(AB3-POWER(AD3,-2/3)/3)) -> #NUM! | AF3: =SQRT(AE3-(AB3*AE3-POWER(AE3,1/3)+1)/(AB3-POWER(AE3,-2/3)/3)) -> #NUM! | AG3: =(Z3/b)*POWER(AA3/A3,3/2) -> #NUM! | AH3: =SQRT(gn*(2*A3/3)^3)*AF3*AG3*b -> #NUM! | AI3: =(L/nu)*POWER(gn*AH3/b,1/3)/10^5 -> #NUM! | AJ3: =VLOOKUP(AI3,Graph!$D$3:$M$50,col) -> #NUM! | AK3: =VLOOKUP(AI3,Graph!$D$3:$M$50,col+1) -> #NUM! | AL3: =AJ3+Ratio*(AK3-AJ3) -> #NUM! | AM3: =b-2*AL3*L -> #NUM! | AN3: =A3-AL3*L -> #NUM! | AO3: =(4/27)*(AM3*AN3/B3)^2 -> #NUM! | AP3: =SQRT(AF3-(AO3*AF3-POWER(AF3,1/3)+1)/(AO3-POWER(AF3,-2/3)/3)) -> #NUM! | AQ3: =SQRT(AP3-(AO3*AP3-POWER(AP3,1/3)+1)/(AO3-POWER(AP3,-2/3)/3)) -> #NUM! | AR3: =SQRT(AQ3-(AO3*AQ3-POWER(AQ3,1/3)+1)/(AO3-POWER(AQ3,-2/3)/3)) -> #NUM! | AS3: =SQRT(AR3-(AO3*AR3-POWER(AR3,1/3)+1)/(AO3-POWER(AR3,-2/3)/3)) -> #NUM! | AT3: =(AM3/b)*POWER(AN3/A3,3/2) -> #NUM! | AU3: =SQRT(gn*(2*A3/3)^3)*AS3*AT3*b -> #NUM! | AV3: =AV2+1 -> 2 | AW3: =AU3*1000 -> #NUM! | AX3: =AT3 -> #NUM! | AY3: =AS3 -> #NUM! | AZ3: =AL3 -> #NUM! | BA3: =AI3 -> #NUM!
A4: =A3+0.001 -> 0.003 | B4: =Ba*(A4+rho) -> 0.026029167 | C4: =(4/27)*(b*A4/B4)^2 -> 0.00083381363 | D4: =SQRT(1.1-($C4*1.1-POWER(1.1,1/3)+1)/($C4-POWER(1.1,-2/3)/3)) -> 0.99973539 | E4: =SQRT(D4-($C4*D4-POWER(D4,1/3)+1)/($C4-POWER(D4,-2/3)/3)) -> 1.0012528 | F4: =SQRT(E4-($C4*E4-POWER(E4,1/3)+1)/($C4-POWER(E4,-2/3)/3)) -> 1.0012539 | G4: =SQRT(F4-($C4*F4-POWER(F4,1/3)+1)/($C4-POWER(F4,-2/3)/3)) -> 1.0012539 | H4: =SQRT(gn*(2*A4/3)^3)*G4*b -> 0.00018257827 | I4: =(L/nu)*POWER(gn*H4/b,1/3)/10^5 -> 1.2281326 | J4: =VLOOKUP($I4,Graph!$D$3:$M$50,col) -> 0.0051 | K4: =VLOOKUP($I4,Graph!$D$3:$M$50,col+1) -> 0.0051 | L4: =J4+Ratio*(K4-J4) -> 0.0051 | M4: =b-2*L4*L -> 0.64071667 | N4: =A4-L4*L -> -0.0021 | O4: =(4/27)*(M4*N4/B4)^2 -> 0.00039586429 | P4: =SQRT(G4-(O4*G4-POWER(G4,1/3)+1)/(O4-POWER(G4,-2/3)/3)) -> 1.0005946 | Q4: =SQRT(P4-(O4*P4-POWER(P4,1/3)+1)/(O4-POWER(P4,-2/3)/3)) -> 1.0005945 | R4: =SQRT(Q4-(O4*Q4-POWER(Q4,1/3)+1)/(O4-POWER(Q4,-2/3)/3)) -> 1.0005945 | S4: =SQRT(R4-(O4*R4-POWER(R4,1/3)+1)/(O4-POWER(R4,-2/3)/3)) -> 1.0005945 | T4: =(M4/b)*POWER(N4/A4,3/2) -> #NUM! | U4: =SQRT(gn*(2*A4/3)^3)*S4*T4*b -> #NUM! | V4: =(L/nu)*POWER(gn*U4/b,1/3)/10^5 -> #NUM! | W4: =VLOOKUP(V4,Graph!$D$3:$M$50,col) -> #NUM! | X4: =VLOOKUP(V4,Graph!$D$3:$M$50,col+1) -> #NUM! | Y4: =W4+Ratio*(X4-W4) -> #NUM! | Z4: =b-2*Y4*L -> #NUM! | AA4: =A4-Y4*L -> #NUM! | AB4: =(4/27)*(Z4*AA4/B4)^2 -> #NUM! | AC4: =SQRT(S4-(AB4*S4-POWER(S4,1/3)+1)/(AB4-POWER(S4,-2/3)/3)) -> #NUM! | AD4: =SQRT(AC4-(AB4*AC4-POWER(AC4,1/3)+1)/(AB4-POWER(AC4,-2/3)/3)) -> #NUM! | AE4: =SQRT(AD4-(AB4*AD4-POWER(AD4,1/3)+1)/(AB4-POWER(AD4,-2/3)/3)) -> #NUM! | AF4: =SQRT(AE4-(AB4*AE4-POWER(AE4,1/3)+1)/(AB4-POWER(AE4,-2/3)/3)) -> #NUM! | AG4: =(Z4/b)*POWER(AA4/A4,3/2) -> #NUM! | AH4: =SQRT(gn*(2*A4/3)^3)*AF4*AG4*b -> #NUM! | AI4: =(L/nu)*POWER(gn*AH4/b,1/3)/10^5 -> #NUM! | AJ4: =VLOOKUP(AI4,Graph!$D$3:$M$50,col) -> #NUM! | AK4: =VLOOKUP(AI4,Graph!$D$3:$M$50,col+1) -> #NUM! | AL4: =AJ4+Ratio*(AK4-AJ4) -> #NUM! | AM4: =b-2*AL4*L -> #NUM! | AN4: =A4-AL4*L -> #NUM! | AO4: =(4/27)*(AM4*AN4/B4)^2 -> #NUM! | AP4: =SQRT(AF4-(AO4*AF4-POWER(AF4,1/3)+1)/(AO4-POWER(AF4,-2/3)/3)) -> #NUM! | AQ4: =SQRT(AP4-(AO4*AP4-POWER(AP4,1/3)+1)/(AO4-POWER(AP4,-2/3)/3)) -> #NUM! | AR4: =SQRT(AQ4-(AO4*AQ4-POWER(AQ4,1/3)+1)/(AO4-POWER(AQ4,-2/3)/3)) -> #NUM! | AS4: =SQRT(AR4-(AO4*AR4-POWER(AR4,1/3)+1)/(AO4-POWER(AR4,-2/3)/3)) -> #NUM! | AT4: =(AM4/b)*POWER(AN4/A4,3/2) -> #NUM! | AU4: =SQRT(gn*(2*A4/3)^3)*AS4*AT4*b -> #NUM! | AV4: =AV3+1 -> 3 | AW4: =AU4*1000 -> #NUM! | AX4: =AT4 -> #NUM! | AY4: =AS4 -> #NUM! | AZ4: =AL4 -> #NUM! | BA4: =AI4 -> #NUM!
A5: =A4+0.001 -> 0.004 | B5: =Ba*(A5+rho) -> 0.027070333 | C5: =(4/27)*(b*A5/B5)^2 -> 0.0013705024 | D5: =SQRT(1.1-($C5*1.1-POWER(1.1,1/3)+1)/($C5-POWER(1.1,-2/3)/3)) -> 1.0005964 | E5: =SQRT(D5-($C5*D5-POWER(D5,1/3)+1)/($C5-POWER(D5,-2/3)/3)) -> 1.0020629 | F5: =SQRT(E5-($C5*E5-POWER(E5,1/3)+1)/($C5-POWER(E5,-2/3)/3)) -> 1.0020642 | G5: =SQRT(F5-($C5*F5-POWER(F5,1/3)+1)/($C5-POWER(F5,-2/3)/3)) -> 1.0020642 | H5: =SQRT(gn*(2*A5/3)^3)*G5*b -> 0.00028132515 | I5: =(L/nu)*POWER(gn*H5/b,1/3)/10^5 -> 1.4185079 | J5: =VLOOKUP($I5,Graph!$D$3:$M$50,col) -> 0.0047 | K5: =VLOOKUP($I5,Graph!$D$3:$M$50,col+1) -> 0.0047 | L5: =J5+Ratio*(K5-J5) -> 0.0047 | M5: =b-2*L5*L -> 0.64151667 | N5: =A5-L5*L -> -0.0007 | O5: =(4/27)*(M5*N5/B5)^2 -> 4.0768148e-05 | P5: =SQRT(G5-(O5*G5-POWER(G5,1/3)+1)/(O5-POWER(G5,-2/3)/3)) -> 1.0000605 | Q5: =SQRT(P5-(O5*P5-POWER(P5,1/3)+1)/(O5-POWER(P5,-2/3)/3)) -> 1.0000612 | R5: =SQRT(Q5-(O5*Q5-POWER(Q5,1/3)+1)/(O5-POWER(Q5,-2/3)/3)) -> 1.0000612 | S5: =SQRT(R5-(O5*R5-POWER(R5,1/3)+1)/(O5-POWER(R5,-2/3)/3)) -> 1.0000612 | T5: =(M5/b)*POWER(N5/A5,3/2) -> #NUM! | U5: =SQRT(gn*(2*A5/3)^3)*S5*T5*b -> #NUM! | V5: =(L/nu)*POWER(gn*U5/b,1/3)/10^5 -> #NUM! | W5: =VLOOKUP(V5,Graph!$D$3:$M$50,col) -> #NUM! | X5: =VLOOKUP(V5,Graph!$D$3:$M$50,col+1) -> #NUM! | Y5: =W5+Ratio*(X5-W5) -> #NUM! | Z5: =b-2*Y5*L -> #NUM! | AA5: =A5-Y5*L -> #NUM! | AB5: =(4/27)*(Z5*AA5/B5)^2 -> #NUM! | AC5: =SQRT(S5-(AB5*S5-POWER(S5,1/3)+1)/(AB5-POWER(S5,-2/3)/3)) -> #NUM! | AD5: =SQRT(AC5-(AB5*AC5-POWER(AC5,1/3)+1)/(AB5-POWER(AC5,-2/3)/3)) -> #NUM! | AE5: =SQRT(AD5-(AB5*AD5-POWER(AD5,1/3)+1)/(AB5-POWER(AD5,-2/3)/3)) -> #NUM! | AF5: =SQRT(AE5-(AB5*AE5-POWER(AE5,1/3)+1)/(AB5-POWER(AE5,-2/3)/3)) -> #NUM! | AG5: =(Z5/b)*POWER(AA5/A5,3/2) -> #NUM! | AH5: =SQRT(gn*(2*A5/3)^3)*AF5*AG5*b -> #NUM! | AI5: =(L/nu)*POWER(gn*AH5/b,1/3)/10^5 -> #NUM! | AJ5: =VLOOKUP(AI5,Graph!$D$3:$M$50,col) -> #NUM! | AK5: =VLOOKUP(AI5,Graph!$D$3:$M$50,col+1) -> #NUM! | AL5: =AJ5+Ratio*(AK5-AJ5) -> #NUM! | AM5: =b-2*AL5*L -> #NUM! | AN5: =A5-AL5*L -> #NUM! | AO5: =(4/27)*(AM5*AN5/B5)^2 -> #NUM! | AP5: =SQRT(AF5-(AO5*AF5-POWER(AF5,1/3)+1)/(AO5-POWER(AF5,-2/3)/3)) -> #NUM! | AQ5: =SQRT(AP5-(AO5*AP5-POWER(AP5,1/3)+1)/(AO5-POWER(AP5,-2/3)/3)) -> #NUM! | AR5: =SQRT(AQ5-(AO5*AQ5-POWER(AQ5,1/3)+1)/(AO5-POWER(AQ5,-2/3)/3)) -> #NUM! | AS5: =SQRT(AR5-(AO5*AR5-POWER(AR5,1/3)+1)/(AO5-POWER(AR5,-2/3)/3)) -> #NUM! | AT5: =(AM5/b)*POWER(AN5/A5,3/2) -> #NUM! | AU5: =SQRT(gn*(2*A5/3)^3)*AS5*AT5*b -> #NUM! | AV5: =AV4+1 -> 4 | AW5: =AU5*1000 -> #NUM! | AX5: =AT5 -> #NUM! | AY5: =AS5 -> #NUM! | AZ5: =AL5 -> #NUM! | BA5: =AI5 -> #NUM!
A6: =A5+0.001 -> 0.005 | B6: =Ba*(A6+rho) -> 0.0281115 | C6: =(4/27)*(b*A6/B6)^2 -> 0.0019857244 | D6: =SQRT(1.1-($C6*1.1-POWER(1.1,1/3)+1)/($C6-POWER(1.1,-2/3)/3)) -> 1.0015862 | E6: =SQRT(D6-($C6*D6-POWER(D6,1/3)+1)/($C6-POWER(D6,-2/3)/3)) -> 1.0029947 | F6: =SQRT(E6-($C6*E6-POWER(E6,1/3)+1)/($C6-POWER(E6,-2/3)/3)) -> 1.0029965 | G6: =SQRT(F6-($C6*F6-POWER(F6,1/3)+1)/($C6-POWER(F6,-2/3)/3)) -> 1.0029965 | H6: =SQRT(gn*(2*A6/3)^3)*G6*b -> 0.00039352961 | I6: =(L/nu)*POWER(gn*H6/b,1/3)/10^5 -> 1.5864317 | J6: =VLOOKUP($I6,Graph!$D$3:$M$50,col) -> 0.0047 | K6: =VLOOKUP($I6,Graph!$D$3:$M$50,col+1) -> 0.0047 | L6: =J6+Ratio*(K6-J6) -> 0.0047 | M6: =b-2*L6*L -> 0.64151667 | N6: =A6-L6*L -> 0.0003 | O6: =(4/27)*(M6*N6/B6)^2 -> 6.9436302e-06 | P6: =SQRT(G6-(O6*G6-POWER(G6,1/3)+1)/(O6-POWER(G6,-2/3)/3)) -> 1.0000089 | Q6: =SQRT(P6-(O6*P6-POWER(P6,1/3)+1)/(O6-POWER(P6,-2/3)/3)) -> 1.0000104 | R6: =SQRT(Q6-(O6*Q6-POWER(Q6,1/3)+1)/(O6-POWER(Q6,-2/3)/3)) -> 1.0000104 | S6: =SQRT(R6-(O6*R6-POWER(R6,1/3)+1)/(O6-POWER(R6,-2/3)/3)) -> 1.0000104 | T6: =(M6/b)*POWER(N6/A6,3/2) -> 0.014484697 | U6: =SQRT(gn*(2*A6/3)^3)*S6*T6*b -> 5.6831872e-06 | V6: =(L/nu)*POWER(gn*U6/b,1/3)/10^5 -> 0.38633099 | W6: =VLOOKUP(V6,Graph!$D$3:$M$50,col) -> #N/A | X6: =VLOOKUP(V6,Graph!$D$3:$M$50,col+1) -> #N/A | Y6: =W6+Ratio*(X6-W6) -> #N/A | Z6: =b-2*Y6*L -> #N/A | AA6: =A6-Y6*L -> #N/A | AB6: =(4/27)*(Z6*AA6/B6)^2 -> #N/A | AC6: =SQRT(S6-(AB6*S6-POWER(S6,1/3)+1)/(AB6-POWER(S6,-2/3)/3)) -> #N/A | AD6: =SQRT(AC6-(AB6*AC6-POWER(AC6,1/3)+1)/(AB6-POWER(AC6,-2/3)/3)) -> #N/A | AE6: =SQRT(AD6-(AB6*AD6-POWER(AD6,1/3)+1)/(AB6-POWER(AD6,-2/3)/3)) -> #N/A | AF6: =SQRT(AE6-(AB6*AE6-POWER(AE6,1/3)+1)/(AB6-POWER(AE6,-2/3)/3)) -> #N/A | AG6: =(Z6/b)*POWER(AA6/A6,3/2) -> #N/A | AH6: =SQRT(gn*(2*A6/3)^3)*AF6*AG6*b -> #N/A | AI6: =(L/nu)*POWER(gn*AH6/b,1/3)/10^5 -> #N/A | AJ6: =VLOOKUP(AI6,Graph!$D$3:$M$50,col) -> #N/A | AK6: =VLOOKUP(AI6,Graph!$D$3:$M$50,col+1) -> #N/A | AL6: =AJ6+Ratio*(AK6-AJ6) -> #N/A | AM6: =b-2*AL6*L -> #N/A | AN6: =A6-AL6*L -> #N/A | AO6: =(4/27)*(AM6*AN6/B6)^2 -> #N/A | AP6: =SQRT(AF6-(AO6*AF6-POWER(AF6,1/3)+1)/(AO6-POWER(AF6,-2/3)/3)) -> #N/A | AQ6: =SQRT(AP6-(AO6*AP6-POWER(AP6,1/3)+1)/(AO6-POWER(AP6,-2/3)/3)) -> #N/A | AR6: =SQRT(AQ6-(AO6*AQ6-POWER(AQ6,1/3)+1)/(AO6-POWER(AQ6,-2/3)/3)) -> #N/A | AS6: =SQRT(AR6-(AO6*AR6-POWER(AR6,1/3)+1)/(AO6-POWER(AR6,-2/3)/3)) -> #N/A | AT6: =(AM6/b)*POWER(AN6/A6,3/2) -> #N/A | AU6: =SQRT(gn*(2*A6/3)^3)*AS6*AT6*b -> #N/A | AV6: =AV5+1 -> 5 | AW6: =AU6*1000 -> #N/A | AX6: =AT6 -> #N/A | AY6: =AS6 -> #N/A | AZ6: =AL6 -> #N/A | BA6: =AI6 -> #N/A
A7: =A6+0.001 -> 0.006 | B7: =Ba*(A7+rho) -> 0.029152667 | C7: =(4/27)*(b*A7/B7)^2 -> 0.0026588445 | D7: =SQRT(1.1-($C7*1.1-POWER(1.1,1/3)+1)/($C7-POWER(1.1,-2/3)/3)) -> 1.0026724 | E7: =SQRT(D7-($C7*D7-POWER(D7,1/3)+1)/($C7-POWER(D7,-2/3)/3)) -> 1.0040183 | F7: =SQRT(E7-($C7*E7-POWER(E7,1/3)+1)/($C7-POWER(E7,-2/3)/3)) -> 1.0040204 | G7: =SQRT(F7-($C7*F7-POWER(F7,1/3)+1)/($C7-POWER(F7,-2/3)/3)) -> 1.0040204 | H7: =SQRT(gn*(2*A7/3)^3)*G7*b -> 0.00051783621 | I7: =(L/nu)*POWER(gn*H7/b,1/3)/10^5 -> 1.73844 | J7: =VLOOKUP($I7,Graph!$D$3:$M$50,col) -> 0.0044 | K7: =VLOOKUP($I7,Graph!$D$3:$M$50,col+1) -> 0.0044 | L7: =J7+Ratio*(K7-J7) -> 0.0044 | M7: =b-2*L7*L -> 0.64211667 | N7: =A7-L7*L -> 0.0016 | O7: =(4/27)*(M7*N7/B7)^2 -> 0.00018399563 | P7: =SQRT(G7-(O7*G7-POWER(G7,1/3)+1)/(O7-POWER(G7,-2/3)/3)) -> 1.0002742 | Q7: =SQRT(P7-(O7*P7-POWER(P7,1/3)+1)/(O7-POWER(P7,-2/3)/3)) -> 1.0002761 | R7: =SQRT(Q7-(O7*Q7-POWER(Q7,1/3)+1)/(O7-POWER(Q7,-2/3)/3)) -> 1.0002761 | S7: =SQRT(R7-(O7*R7-POWER(R7,1/3)+1)/(O7-POWER(R7,-2/3)/3)) -> 1.0002761 | T7: =(M7/b)*POWER(N7/A7,3/2) -> 0.13584437 | U7: =SQRT(gn*(2*A7/3)^3)*S7*T7*b -> 7.00828e-05 | V7: =(L/nu)*POWER(gn*U7/b,1/3)/10^5 -> 0.89255032 | W7: =VLOOKUP(V7,Graph!$D$3:$M$50,col) -> #N/A | X7: =VLOOKUP(V7,Graph!$D$3:$M$50,col+1) -> #N/A | Y7: =W7+Ratio*(X7-W7) -> #N/A | Z7: =b-2*Y7*L -> #N/A | AA7: =A7-Y7*L -> #N/A | AB7: =(4/27)*(Z7*AA7/B7)^2 -> #N/A | AC7: =SQRT(S7-(AB7*S7-POWER(S7,1/3)+1)/(AB7-POWER(S7,-2/3)/3)) -> #N/A | AD7: =SQRT(AC7-(AB7*AC7-POWER(AC7,1/3)+1)/(AB7-POWER(AC7,-2/3)/3)) -> #N/A | AE7: =SQRT(AD7-(AB7*AD7-POWER(AD7,1/3)+1)/(AB7-POWER(AD7,-2/3)/3)) -> #N/A | AF7: =SQRT(AE7-(AB7*AE7-POWER(AE7,1/3)+1)/(AB7-POWER(AE7,-2/3)/3)) -> #N/A | AG7: =(Z7/b)*POWER(AA7/A7,3/2) -> #N/A | AH7: =SQRT(gn*(2*A7/3)^3)*AF7*AG7*b -> #N/A | AI7: =(L/nu)*POWER(gn*AH7/b,1/3)/10^5 -> #N/A | AJ7: =VLOOKUP(AI7,Graph!$D$3:$M$50,col) -> #N/A | AK7: =VLOOKUP(AI7,Graph!$D$3:$M$50,col+1) -> #N/A | AL7: =AJ7+Ratio*(AK7-AJ7) -> #N/A | AM7: =b-2*AL7*L -> #N/A | AN7: =A7-AL7*L -> #N/A | AO7: =(4/27)*(AM7*AN7/B7)^2 -> #N/A | AP7: =SQRT(AF7-(AO7*AF7-POWER(AF7,1/3)+1)/(AO7-POWER(AF7,-2/3)/3)) -> #N/A | AQ7: =SQRT(AP7-(AO7*AP7-POWER(AP7,1/3)+1)/(AO7-POWER(AP7,-2/3)/3)) -> #N/A | AR7: =SQRT(AQ7-(AO7*AQ7-POWER(AQ7,1/3)+1)/(AO7-POWER(AQ7,-2/3)/3)) -> #N/A | AS7: =SQRT(AR7-(AO7*AR7-POWER(AR7,1/3)+1)/(AO7-POWER(AR7,-2/3)/3)) -> #N/A | AT7: =(AM7/b)*POWER(AN7/A7,3/2) -> #N/A | AU7: =SQRT(gn*(2*A7/3)^3)*AS7*AT7*b -> #N/A | AV7: =AV6+1 -> 6 | AW7: =AU7*1000 -> #N/A | AX7: =AT7 -> #N/A | AY7: =AS7 -> #N/A | AZ7: =AL7 -> #N/A | BA7: =AI7 -> #N/A
A8: =A7+0.001 -> 0.007 | B8: =Ba*(A8+rho) -> 0.030193833 | C8: =(4/27)*(b*A8/B8)^2 -> 0.003373701 | D8: =SQRT(1.1-($C8*1.1-POWER(1.1,1/3)+1)/($C8-POWER(1.1,-2/3)/3)) -> 1.0038299 | E8: =SQRT(D8-($C8*D8-POWER(D8,1/3)+1)/($C8-POWER(D8,-2/3)/3)) -> 1.00511 | F8: =SQRT(E8-($C8*E8-POWER(E8,1/3)+1)/($C8-POWER(E8,-2/3)/3)) -> 1.0051124 | G8: =SQRT(F8-($C8*F8-POWER(F8,1/3)+1)/($C8-POWER(F8,-2/3)/3)) -> 1.0051124 | H8: =SQRT(gn*(2*A8/3)^3)*G8*b -> 0.00065325796 | I8: =(L/nu)*POWER(gn*H8/b,1/3)/10^5 -> 1.8784103 | J8: =VLOOKUP($I8,Graph!$D$3:$M$50,col) -> 0.0041 | K8: =VLOOKUP($I8,Graph!$D$3:$M$50,col+1) -> 0.0041 | L8: =J8+Ratio*(K8-J8) -> 0.0041 | M8: =b-2*L8*L -> 0.64271667 | N8: =A8-L8*L -> 0.0029 | O8: =(4/27)*(M8*N8/B8)^2 -> 0.00056454016 | P8: =SQRT(G8-(O8*G8-POWER(G8,1/3)+1)/(O8-POWER(G8,-2/3)/3)) -> 1.0008464 | Q8: =SQRT(P8-(O8*P8-POWER(P8,1/3)+1)/(O8-POWER(P8,-2/3)/3)) -> 1.0008482 | R8: =SQRT(Q8-(O8*Q8-POWER(Q8,1/3)+1)/(O8-POWER(Q8,-2/3)/3)) -> 1.0008482 | S8: =SQRT(R8-(O8*R8-POWER(R8,1/3)+1)/(O8-POWER(R8,-2/3)/3)) -> 1.0008482 | T8: =(M8/b)*POWER(N8/A8,3/2) -> 0.26329591 | U8: =SQRT(gn*(2*A8/3)^3)*S8*T8*b -> 0.00017127044 | V8: =(L/nu)*POWER(gn*U8/b,1/3)/10^5 -> 1.2022359 | W8: =VLOOKUP(V8,Graph!$D$3:$M$50,col) -> 0.0051 | X8: =VLOOKUP(V8,Graph!$D$3:$M$50,col+1) -> 0.0051 | Y8: =W8+Ratio*(X8-W8) -> 0.0051 | Z8: =b-2*Y8*L -> 0.64071667 | AA8: =A8-Y8*L -> 0.0019 | AB8: =(4/27)*(Z8*AA8/B8)^2 -> 0.00024082356 | AC8: =SQRT(S8-(AB8*S8-POWER(S8,1/3)+1)/(AB8-POWER(S8,-2/3)/3)) -> 1.0003615 | AD8: =SQRT(AC8-(AB8*AC8-POWER(AC8,1/3)+1)/(AB8-POWER(AC8,-2/3)/3)) -> 1.0003615 | AE8: =SQRT(AD8-(AB8*AD8-POWER(AD8,1/3)+1)/(AB8-POWER(AD8,-2/3)/3)) -> 1.0003615 | AF8: =SQRT(AE8-(AB8*AE8-POWER(AE8,1/3)+1)/(AB8-POWER(AE8,-2/3)/3)) -> 1.0003615 | AG8: =(Z8/b)*POWER(AA8/A8,3/2) -> 0.13919511 | AH8: =SQRT(gn*(2*A8/3)^3)*AF8*AG8*b -> 9.0500506e-05 | AI8: =(L/nu)*POWER(gn*AH8/b,1/3)/10^5 -> 0.97195441 | AJ8: =VLOOKUP(AI8,Graph!$D$3:$M$50,col) -> #N/A | AK8: =VLOOKUP(AI8,Graph!$D$3:$M$50,col+1) -> #N/A | AL8: =AJ8+Ratio*(AK8-AJ8) -> #N/A | AM8: =b-2*AL8*L -> #N/A | AN8: =A8-AL8*L -> #N/A | AO8: =(4/27)*(AM8*AN8/B8)^2 -> #N/A | AP8: =SQRT(AF8-(AO8*AF8-POWER(AF8,1/3)+1)/(AO8-POWER(AF8,-2/3)/3)) -> #N/A | AQ8: =SQRT(AP8-(AO8*AP8-POWER(AP8,1/3)+1)/(AO8-POWER(AP8,-2/3)/3)) -> #N/A | AR8: =SQRT(AQ8-(AO8*AQ8-POWER(AQ8,1/3)+1)/(AO8-POWER(AQ8,-2/3)/3)) -> #N/A | AS8: =SQRT(AR8-(AO8*AR8-POWER(AR8,1/3)+1)/(AO8-POWER(AR8,-2/3)/3)) -> #N/A | AT8: =(AM8/b)*POWER(AN8/A8,3/2) -> #N/A | AU8: =SQRT(gn*(2*A8/3)^3)*AS8*AT8*b -> #N/A | AV8: =AV7+1 -> 7 | AW8: =AU8*1000 -> #N/A | AX8: =AT8 -> #N/A | AY8: =AS8 -> #N/A | AZ8: =AL8 -> #N/A | BA8: =AI8 -> 0.97195441
A9: =A8+0.001 -> 0.008 | B9: =Ba*(A9+rho) -> 0.031235 | C9: =(4/27)*(b*A9/B9)^2 -> 0.0041175982 | D9: =SQRT(1.1-($C9*1.1-POWER(1.1,1/3)+1)/($C9-POWER(1.1,-2/3)/3)) -> 1.0050387 | E9: =SQRT(D9-($C9*D9-POWER(D9,1/3)+1)/($C9-POWER(D9,-2/3)/3)) -> 1.0062511 | F9: =SQRT(E9-($C9*E9-POWER(E9,1/3)+1)/($C9-POWER(E9,-2/3)/3)) -> 1.0062539 | G9: =SQRT(F9-($C9*F9-POWER(F9,1/3)+1)/($C9-POWER(F9,-2/3)/3)) -> 1.0062539 | H9: =SQRT(gn*(2*A9/3)^3)*G9*b -> 0.00079903455 | I9: =(L/nu)*POWER(gn*H9/b,1/3)/10^5 -> 2.008865 | J9: =VLOOKUP($I9,Graph!$D$3:$M$50,col) -> 0.0038 | K9: =VLOOKUP($I9,Graph!$D$3:$M$50,col+1) -> 0.0038 | L9: =J9+Ratio*(K9-J9) -> 0.0038 | M9: =b-2*L9*L -> 0.64331667 | N9: =A9-L9*L -> 0.0042 | O9: =(4/27)*(M9*N9/B9)^2 -> 0.0011085656 | P9: =SQRT(G9-(O9*G9-POWER(G9,1/3)+1)/(O9-POWER(G9,-2/3)/3)) -> 1.0016675 | Q9: =SQRT(P9-(O9*P9-POWER(P9,1/3)+1)/(O9-POWER(P9,-2/3)/3)) -> 1.0016684 | R9: =SQRT(Q9-(O9*Q9-POWER(Q9,1/3)+1)/(O9-POWER(Q9,-2/3)/3)) -> 1.0016684 | S9: =SQRT(R9-(O9*R9-POWER(R9,1/3)+1)/(O9-POWER(R9,-2/3)/3)) -> 1.0016684 | T9: =(M9/b)*POWER(N9/A9,3/2) -> 0.37595717 | U9: =SQRT(gn*(2*A9/3)^3)*S9*T9*b -> 0.00029903383 | V9: =(L/nu)*POWER(gn*U9/b,1/3)/10^5 -> 1.4476681 | W9: =VLOOKUP(V9,Graph!$D$3:$M$50,col) -> 0.0047 | X9: =VLOOKUP(V9,Graph!$D$3:$M$50,col+1) -> 0.0047 | Y9: =W9+Ratio*(X9-W9) -> 0.0047 | Z9: =b-2*Y9*L -> 0.64151667 | AA9: =A9-Y9*L -> 0.0033 | AB9: =(4/27)*(Z9*AA9/B9)^2 -> 0.0006805452 | AC9: =SQRT(S9-(AB9*S9-POWER(S9,1/3)+1)/(AB9-POWER(S9,-2/3)/3)) -> 1.0010231 | AD9: =SQRT(AC9-(AB9*AC9-POWER(AC9,1/3)+1)/(AB9-POWER(AC9,-2/3)/3)) -> 1.0010229 | AE9: =SQRT(AD9-(AB9*AD9-POWER(AD9,1/3)+1)/(AB9-POWER(AD9,-2/3)/3)) -> 1.0010229 | AF9: =SQRT(AE9-(AB9*AE9-POWER(AE9,1/3)+1)/(AB9-POWER(AE9,-2/3)/3)) -> 1.0010229 | AG9: =(Z9/b)*POWER(AA9/A9,3/2) -> 0.26110698 | AH9: =SQRT(gn*(2*A9/3)^3)*AF9*AG9*b -> 0.00020754892 | AI9: =(L/nu)*POWER(gn*AH9/b,1/3)/10^5 -> 1.2817472 | AJ9: =VLOOKUP(AI9,Graph!$D$3:$M$50,col) -> 0.0051 | AK9: =VLOOKUP(AI9,Graph!$D$3:$M$50,col+1) -> 0.0051 | AL9: =AJ9+Ratio*(AK9-AJ9) -> 0.0051 | AM9: =b-2*AL9*L -> 0.64071667 | AN9: =A9-AL9*L -> 0.0029 | AO9: =(4/27)*(AM9*AN9/B9)^2 -> 0.00052425339 | AP9: =SQRT(AF9-(AO9*AF9-POWER(AF9,1/3)+1)/(AO9-POWER(AF9,-2/3)/3)) -> 1.0007877 | AQ9: =SQRT(AP9-(AO9*AP9-POWER(AP9,1/3)+1)/(AO9-POWER(AP9,-2/3)/3)) -> 1.0007876 | AR9: =SQRT(AQ9-(AO9*AQ9-POWER(AQ9,1/3)+1)/(AO9-POWER(AQ9,-2/3)/3)) -> 1.0007876 | AS9: =SQRT(AR9-(AO9*AR9-POWER(AR9,1/3)+1)/(AO9-POWER(AR9,-2/3)/3)) -> 1.0007876 | AT9: =(AM9/b)*POWER(AN9/A9,3/2) -> 0.21483382 | AU9: =SQRT(gn*(2*A9/3)^3)*AS9*AT9*b -> 0.00017072714 | AV9: =AV8+1 -> 8 | AW9: =AU9*1000 -> 0.17072714 | AX9: =AT9 -> 0.21483382 | AY9: =AS9 -> 1.0007876 | AZ9: =AL9 -> 0.0051 | BA9: =AI9 -> 1.2817472
A10: =A9+0.001 -> 0.009 | B10: =Ba*(A10+rho) -> 0.032276167 | C10: =(4/27)*(b*A10/B10)^2 -> 0.0048805429 | D10: =SQRT(1.1-($C10*1.1-POWER(1.1,1/3)+1)/($C10-POWER(1.1,-2/3)/3)) -> 1.006283 | E10: =SQRT(D10-($C10*D10-POWER(D10,1/3)+1)/($C10-POWER(D10,-2/3)/3)) -> 1.0074269 | F10: =SQRT(E10-($C10*E10-POWER(E10,1/3)+1)/($C10-POWER(E10,-2/3)/3)) -> 1.00743 | G10: =SQRT(F10-($C10*F10-POWER(F10,1/3)+1)/($C10-POWER(F10,-2/3)/3)) -> 1.00743 | H10: =SQRT(gn*(2*A10/3)^3)*G10*b -> 0.00095455652 | I10: =(L/nu)*POWER(gn*H10/b,1/3)/10^5 -> 2.1315529 | J10: =VLOOKUP($I10,Graph!$D$3:$M$50,col) -> 0.0038 | K10: =VLOOKUP($I10,Graph!$D$3:$M$50,col+1) -> 0.0038 | L10: =J10+Ratio*(K10-J10) -> 0.0038 | M10: =b-2*L10*L -> 0.64331667 | N10: =A10-L10*L -> 0.0052 | O10: =(4/27)*(M10*N10/B10)^2 -> 0.001591434 | P10: =SQRT(G10-(O10*G10-POWER(G10,1/3)+1)/(O10-POWER(G10,-2/3)/3)) -> 1.0023984 | Q10: =SQRT(P10-(O10*P10-POWER(P10,1/3)+1)/(O10-POWER(P10,-2/3)/3)) -> 1.0023986 | R10: =SQRT(Q10-(O10*Q10-POWER(Q10,1/3)+1)/(O10-POWER(Q10,-2/3)/3)) -> 1.0023986 | S10: =SQRT(R10-(O10*R10-POWER(R10,1/3)+1)/(O10-POWER(R10,-2/3)/3)) -> 1.0023986 | T10: =(M10/b)*POWER(N10/A10,3/2) -> 0.4340509 | U10: =SQRT(gn*(2*A10/3)^3)*S10*T10*b -> 0.00041225686 | V10: =(L/nu)*POWER(gn*U10/b,1/3)/10^5 -> 1.6112077 | W10: =VLOOKUP(V10,Graph!$D$3:$M$50,col) -> 0.0044 | X10: =VLOOKUP(V10,Graph!$D$3:$M$50,col+1) -> 0.0044 | Y10: =W10+Ratio*(X10-W10) -> 0.0044 | Z10: =b-2*Y10*L -> 0.64211667 | AA10: =A10-Y10*L -> 0.0046 | AB10: =(4/27)*(Z10*AA10/B10)^2 -> 0.001240726 | AC10: =SQRT(S10-(AB10*S10-POWER(S10,1/3)+1)/(AB10-POWER(S10,-2/3)/3)) -> 1.0018683 | AD10: =SQRT(AC10-(AB10*AC10-POWER(AC10,1/3)+1)/(AB10-POWER(AC10,-2/3)/3)) -> 1.001868 | AE10: =SQRT(AD10-(AB10*AD10-POWER(AD10,1/3)+1)/(AB10-POWER(AD10,-2/3)/3)) -> 1.001868 | AF10: =SQRT(AE10-(AB10*AE10-POWER(AE10,1/3)+1)/(AB10-POWER(AE10,-2/3)/3)) -> 1.001868 | AG10: =(Z10/b)*POWER(AA10/A10,3/2) -> 0.3604637 | AH10: =SQRT(gn*(2*A10/3)^3)*AF10*AG10*b -> 0.00034218332 | AI10: =(L/nu)*POWER(gn*AH10/b,1/3)/10^5 -> 1.5141951 | AJ10: =VLOOKUP(AI10,Graph!$D$3:$M$50,col) -> 0.0047 | AK10: =VLOOKUP(AI10,Graph!$D$3:$M$50,col+1) -> 0.0047 | AL10: =AJ10+Ratio*(AK10-AJ10) -> 0.0047 | AM10: =b-2*AL10*L -> 0.64151667 | AN10: =A10-AL10*L -> 0.0043 | AO10: =(4/27)*(AM10*AN10/B10)^2 -> 0.0010821442 | AP10: =SQRT(AF10-(AO10*AF10-POWER(AF10,1/3)+1)/(AO10-POWER(AF10,-2/3)/3)) -> 1.0016286 | AQ10: =SQRT(AP10-(AO10*AP10-POWER(AP10,1/3)+1)/(AO10-POWER(AP10,-2/3)/3)) -> 1.0016285 | AR10: =SQRT(AQ10-(AO10*AQ10-POWER(AQ10,1/3)+1)/(AO10-POWER(AQ10,-2/3)/3)) -> 1.0016285 | AS10: =SQRT(AR10-(AO10*AR10-POWER(AR10,1/3)+1)/(AO10-POWER(AR10,-2/3)/3)) -> 1.0016285 | AT10: =(AM10/b)*POWER(AN10/A10,3/2) -> 0.32547787 | AU10: =SQRT(gn*(2*A10/3)^3)*AS10*AT10*b -> 0.00030889787 | AV10: =AV9+1 -> 9 | AW10: =AU10*1000 -> 0.30889787 | AX10: =AT10 -> 0.32547787 | AY10: =AS10 -> 1.0016285 | AZ10: =AL10 -> 0.0047 | BA10: =AI10 -> 1.5141951
A11: =A10+0.001 -> 0.01 | B11: =Ba*(A11+rho) -> 0.033317333 | C11: =(4/27)*(b*A11/B11)^2 -> 0.0056546606 | D11: =SQRT(1.1-(C11*1.1-POWER(1.1,1/3)+1)/(C11-POWER(1.1,-2/3)/3)) -> 1.0075503 | E11: =SQRT(D11-(C11*D11-POWER(D11,1/3)+1)/(C11-POWER(D11,-2/3)/3)) -> 1.0086257 | F11: =SQRT(E11-(C11*E11-POWER(E11,1/3)+1)/(C11-POWER(E11,-2/3)/3)) -> 1.008629 | G11: =SQRT(F11-(C11*F11-POWER(F11,1/3)+1)/(C11-POWER(F11,-2/3)/3)) -> 1.008629 | H11: =SQRT(gn*(2*A11/3)^3)*G11*b -> 0.0011193205 | I11: =(L/nu)*POWER(gn*H11/b,1/3)/10^5 -> 2.247745 | J11: =VLOOKUP(I11,Graph!$D$3:$M$50,col) -> 0.0038 | K11: =VLOOKUP(I11,Graph!$D$3:$M$50,col+1) -> 0.0038 | L11: =J11+Ratio*(K11-J11) -> 0.0038 | M11: =b-2*L11*L -> 0.64331667 | N11: =A11-L11*L -> 0.0062 | O11: =(4/27)*(M11*N11/B11)^2 -> 0.0021231894 | P11: =SQRT(G11-(O11*G11-POWER(G11,1/3)+1)/(O11-POWER(G11,-2/3)/3)) -> 1.0032061 | Q11: =SQRT(P11-(O11*P11-POWER(P11,1/3)+1)/(O11-POWER(P11,-2/3)/3)) -> 1.0032052 | R11: =SQRT(Q11-(O11*Q11-POWER(Q11,1/3)+1)/(O11-POWER(Q11,-2/3)/3)) -> 1.0032052 | S11: =SQRT(R11-(O11*R11-POWER(R11,1/3)+1)/(O11-POWER(R11,-2/3)/3)) -> 1.0032052 | T11: =(M11/b)*POWER(N11/A11,3/2) -> 0.48248848 | U11: =SQRT(gn*(2*A11/3)^3)*S11*T11*b -> 0.00053715515 | V11: =(L/nu)*POWER(gn*U11/b,1/3)/10^5 -> 1.7597952 | W11: =VLOOKUP(V11,Graph!$D$3:$M$50,col) -> 0.0044 | X11: =VLOOKUP(V11,Graph!$D$3:$M$50,col+1) -> 0.0044 | Y11: =W11+Ratio*(X11-W11) -> 0.0044 | Z11: =b-2*Y11*L -> 0.64211667 | AA11: =A11-Y11*L -> 0.0056 | AB11: =(4/27)*(Z11*AA11/B11)^2 -> 0.0017256777 | AC11: =SQRT(S11-(AB11*S11-POWER(S11,1/3)+1)/(AB11-POWER(S11,-2/3)/3)) -> 1.0026025 | AD11: =SQRT(AC11-(AB11*AC11-POWER(AC11,1/3)+1)/(AB11-POWER(AC11,-2/3)/3)) -> 1.002602 | AE11: =SQRT(AD11-(AB11*AD11-POWER(AD11,1/3)+1)/(AB11-POWER(AD11,-2/3)/3)) -> 1.002602 | AF11: =SQRT(AE11-(AB11*AE11-POWER(AE11,1/3)+1)/(AB11-POWER(AE11,-2/3)/3)) -> 1.002602 | AG11: =(Z11/b)*POWER(AA11/A11,3/2) -> 0.41340011 | AH11: =SQRT(gn*(2*A11/3)^3)*AF11*AG11*b -> 0.00045996223 | AI11: =(L/nu)*POWER(gn*AH11/b,1/3)/10^5 -> 1.671102 | AJ11: =VLOOKUP(AI11,Graph!$D$3:$M$50,col) -> 0.0044 | AK11: =VLOOKUP(AI11,Graph!$D$3:$M$50,col+1) -> 0.0044 | AL11: =AJ11+Ratio*(AK11-AJ11) -> 0.0044 | AM11: =b-2*AL11*L -> 0.64211667 | AN11: =A11-AL11*L -> 0.0056 | AO11: =(4/27)*(AM11*AN11/B11)^2 -> 0.0017256777 | AP11: =SQRT(AF11-(AO11*AF11-POWER(AF11,1/3)+1)/(AO11-POWER(AF11,-2/3)/3)) -> 1.002602 | AQ11: =SQRT(AP11-(AO11*AP11-POWER(AP11,1/3)+1)/(AO11-POWER(AP11,-2/3)/3)) -> 1.002602 | AR11: =SQRT(AQ11-(AO11*AQ11-POWER(AQ11,1/3)+1)/(AO11-POWER(AQ11,-2/3)/3)) -> 1.002602 | AS11: =SQRT(AR11-(AO11*AR11-POWER(AR11,1/3)+1)/(AO11-POWER(AR11,-2/3)/3)) -> 1.002602 | AT11: =(AM11/b)*POWER(AN11/A11,3/2) -> 0.41340011 | AU11: =SQRT(gn*(2*A11/3)^3)*AS11*AT11*b -> 0.00045996223 | AV11: =AV10+1 -> 10 | AW11: =AU11*1000 -> 0.45996223 | AX11: =AT11 -> 0.41340011 | AY11: =AS11 -> 1.002602 | AZ11: =AL11 -> 0.0044 | BA11: =AI11 -> 1.671102
A12: =A11+0.001 -> 0.011 | B12: =Ba*(A12+rho) -> 0.0343585 | C12: =(4/27)*(b*A12/B12)^2 -> 0.0064337472 | D12: =SQRT(1.1-($C12*1.1-POWER(1.1,1/3)+1)/($C12-POWER(1.1,-2/3)/3)) -> 1.0088305 | E12: =SQRT(D12-($C12*D12-POWER(D12,1/3)+1)/($C12-POWER(D12,-2/3)/3)) -> 1.009838 | F12: =SQRT(E12-($C12*E12-POWER(E12,1/3)+1)/($C12-POWER(E12,-2/3)/3)) -> 1.0098415 | G12: =SQRT(F12-($C12*F12-POWER(F12,1/3)+1)/($C12-POWER(F12,-2/3)/3)) -> 1.0098415 | H12: =SQRT(gn*(2*A12/3)^3)*G12*b -> 0.0012929009 | I12: =(L/nu)*POWER(gn*H12/b,1/3)/10^5 -> 2.3583991 | J12: =VLOOKUP($I12,Graph!$D$3:$M$50,col) -> 0.0036 | K12: =VLOOKUP($I12,Graph!$D$3:$M$50,col+1) -> 0.0036 | L12: =J12+Ratio*(K12-J12) -> 0.0036 | M12: =b-2*L12*L -> 0.64371667 | N12: =A12-L12*L -> 0.0074 | O12: =(4/27)*(M12*N12/B12)^2 -> 0.0028476118 | P12: =SQRT(G12-(O12*G12-POWER(G12,1/3)+1)/(O12-POWER(G12,-2/3)/3)) -> 1.0043112 | Q12: =SQRT(P12-(O12*P12-POWER(P12,1/3)+1)/(O12-POWER(P12,-2/3)/3)) -> 1.0043083 | R12: =SQRT(Q12-(O12*Q12-POWER(Q12,1/3)+1)/(O12-POWER(Q12,-2/3)/3)) -> 1.0043083 | S12: =SQRT(R12-(O12*R12-POWER(R12,1/3)+1)/(O12-POWER(R12,-2/3)/3)) -> 1.0043083 | T12: =(M12/b)*POWER(N12/A12,3/2) -> 0.54566728 | U12: =SQRT(gn*(2*A12/3)^3)*S12*T12*b -> 0.00070162814 | V12: =(L/nu)*POWER(gn*U12/b,1/3)/10^5 -> 1.9236729 | W12: =VLOOKUP(V12,Graph!$D$3:$M$50,col) -> 0.0041 | X12: =VLOOKUP(V12,Graph!$D$3:$M$50,col+1) -> 0.0041 | Y12: =W12+Ratio*(X12-W12) -> 0.0041 | Z12: =b-2*Y12*L -> 0.64271667 | AA12: =A12-Y12*L -> 0.0069 | AB12: =(4/27)*(Z12*AA12/B12)^2 -> 0.0024681136 | AC12: =SQRT(S12-(AB12*S12-POWER(S12,1/3)+1)/(AB12-POWER(S12,-2/3)/3)) -> 1.0037305 | AD12: =SQRT(AC12-(AB12*AC12-POWER(AC12,1/3)+1)/(AB12-POWER(AC12,-2/3)/3)) -> 1.0037298 | AE12: =SQRT(AD12-(AB12*AD12-POWER(AD12,1/3)+1)/(AB12-POWER(AD12,-2/3)/3)) -> 1.0037298 | AF12: =SQRT(AE12-(AB12*AE12-POWER(AE12,1/3)+1)/(AB12-POWER(AE12,-2/3)/3)) -> 1.0037298 | AG12: =(Z12/b)*POWER(AA12/A12,3/2) -> 0.49054492 | AH12: =SQRT(gn*(2*A12/3)^3)*AF12*AG12*b -> 0.00063038758 | AI12: =(L/nu)*POWER(gn*AH12/b,1/3)/10^5 -> 1.8562285 | AJ12: =VLOOKUP(AI12,Graph!$D$3:$M$50,col) -> 0.0041 | AK12: =VLOOKUP(AI12,Graph!$D$3:$M$50,col+1) -> 0.0041 | AL12: =AJ12+Ratio*(AK12-AJ12) -> 0.0041 | AM12: =b-2*AL12*L -> 0.64271667 | AN12: =A12-AL12*L -> 0.0069 | AO12: =(4/27)*(AM12*AN12/B12)^2 -> 0.0024681136 | AP12: =SQRT(AF12-(AO12*AF12-POWER(AF12,1/3)+1)/(AO12-POWER(AF12,-2/3)/3)) -> 1.0037298 | AQ12: =SQRT(AP12-(AO12*AP12-POWER(AP12,1/3)+1)/(AO12-POWER(AP12,-2/3)/3)) -> 1.0037298 | AR12: =SQRT(AQ12-(AO12*AQ12-POWER(AQ12,1/3)+1)/(AO12-POWER(AQ12,-2/3)/3)) -> 1.0037298 | AS12: =SQRT(AR12-(AO12*AR12-POWER(AR12,1/3)+1)/(AO12-POWER(AR12,-2/3)/3)) -> 1.0037298 | AT12: =(AM12/b)*POWER(AN12/A12,3/2) -> 0.49054492 | AU12: =SQRT(gn*(2*A12/3)^3)*AS12*AT12*b -> 0.00063038758 | AV12: =AV11+1 -> 11 | AW12: =AU12*1000 -> 0.63038758 | AX12: =AT12 -> 0.49054492 | AY12: =AS12 -> 1.0037298 | AZ12: =AL12 -> 0.0041 | BA12: =AI12 -> 1.8562285
A13: =A12+0.001 -> 0.012 | B13: =Ba*(A13+rho) -> 0.035399667 | C13: =(4/27)*(b*A13/B13)^2 -> 0.0072129207 | D13: =SQRT(1.1-($C13*1.1-POWER(1.1,1/3)+1)/($C13-POWER(1.1,-2/3)/3)) -> 1.0101158 | E13: =SQRT(D13-($C13*D13-POWER(D13,1/3)+1)/($C13-POWER(D13,-2/3)/3)) -> 1.0110563 | F13: =SQRT(E13-($C13*E13-POWER(E13,1/3)+1)/($C13-POWER(E13,-2/3)/3)) -> 1.01106 | G13: =SQRT(F13-($C13*F13-POWER(F13,1/3)+1)/($C13-POWER(F13,-2/3)/3)) -> 1.01106 | H13: =SQRT(gn*(2*A13/3)^3)*G13*b -> 0.0014749313 | I13: =(L/nu)*POWER(gn*H13/b,1/3)/10^5 -> 2.4642579 | J13: =VLOOKUP($I13,Graph!$D$3:$M$50,col) -> 0.0036 | K13: =VLOOKUP($I13,Graph!$D$3:$M$50,col+1) -> 0.0036 | L13: =J13+Ratio*(K13-J13) -> 0.0036 | M13: =b-2*L13*L -> 0.64371667 | N13: =A13-L13*L -> 0.0084 | O13: =(4/27)*(M13*N13/B13)^2 -> 0.0034565748 | P13: =SQRT(G13-(O13*G13-POWER(G13,1/3)+1)/(O13-POWER(G13,-2/3)/3)) -> 1.0052439 | Q13: =SQRT(P13-(O13*P13-POWER(P13,1/3)+1)/(O13-POWER(P13,-2/3)/3)) -> 1.0052393 | R13: =SQRT(Q13-(O13*Q13-POWER(Q13,1/3)+1)/(O13-POWER(Q13,-2/3)/3)) -> 1.0052393 | S13: =SQRT(R13-(O13*R13-POWER(R13,1/3)+1)/(O13-POWER(R13,-2/3)/3)) -> 1.0052393 | T13: =(M13/b)*POWER(N13/A13,3/2) -> 0.57918382 | U13: =SQRT(gn*(2*A13/3)^3)*S13*T13*b -> 0.00084933842 | V13: =(L/nu)*POWER(gn*U13/b,1/3)/10^5 -> 2.0501666 | W13: =VLOOKUP(V13,Graph!$D$3:$M$50,col) -> 0.0038 | X13: =VLOOKUP(V13,Graph!$D$3:$M$50,col+1) -> 0.0038 | Y13: =W13+Ratio*(X13-W13) -> 0.0038 | Z13: =b-2*Y13*L -> 0.64331667 | AA13: =A13-Y13*L -> 0.0082 | AB13: =(4/27)*(Z13*AA13/B13)^2 -> 0.0032898432 | AC13: =SQRT(S13-(AB13*S13-POWER(S13,1/3)+1)/(AB13-POWER(S13,-2/3)/3)) -> 1.0049845 | AD13: =SQRT(AC13-(AB13*AC13-POWER(AC13,1/3)+1)/(AB13-POWER(AC13,-2/3)/3)) -> 1.0049841 | AE13: =SQRT(AD13-(AB13*AD13-POWER(AD13,1/3)+1)/(AB13-POWER(AD13,-2/3)/3)) -> 1.0049841 | AF13: =SQRT(AE13-(AB13*AE13-POWER(AE13,1/3)+1)/(AB13-POWER(AE13,-2/3)/3)) -> 1.0049841 | AG13: =(Z13/b)*POWER(AA13/A13,3/2) -> 0.55827518 | AH13: =SQRT(gn*(2*A13/3)^3)*AF13*AG13*b -> 0.00081846927 | AI13: =(L/nu)*POWER(gn*AH13/b,1/3)/10^5 -> 2.0250217 | AJ13: =VLOOKUP(AI13,Graph!$D$3:$M$50,col) -> 0.0038 | AK13: =VLOOKUP(AI13,Graph!$D$3:$M$50,col+1) -> 0.0038 | AL13: =AJ13+Ratio*(AK13-AJ13) -> 0.0038 | AM13: =b-2*AL13*L -> 0.64331667 | AN13: =A13-AL13*L -> 0.0082 | AO13: =(4/27)*(AM13*AN13/B13)^2 -> 0.0032898432 | AP13: =SQRT(AF13-(AO13*AF13-POWER(AF13,1/3)+1)/(AO13-POWER(AF13,-2/3)/3)) -> 1.0049841 | AQ13: =SQRT(AP13-(AO13*AP13-POWER(AP13,1/3)+1)/(AO13-POWER(AP13,-2/3)/3)) -> 1.0049841 | AR13: =SQRT(AQ13-(AO13*AQ13-POWER(AQ13,1/3)+1)/(AO13-POWER(AQ13,-2/3)/3)) -> 1.0049841 | AS13: =SQRT(AR13-(AO13*AR13-POWER(AR13,1/3)+1)/(AO13-POWER(AR13,-2/3)/3)) -> 1.0049841 | AT13: =(AM13/b)*POWER(AN13/A13,3/2) -> 0.55827518 | AU13: =SQRT(gn*(2*A13/3)^3)*AS13*AT13*b -> 0.00081846927 | AV13: =AV12+1 -> 12 | AW13: =AU13*1000 -> 0.81846927 | AX13: =AT13 -> 0.55827518 | AY13: =AS13 -> 1.0049841 | AZ13: =AL13 -> 0.0038 | BA13: =AI13 -> 2.0250217
A14: =A13+0.001 -> 0.013 | B14: =Ba*(A14+rho) -> 0.036440833 | C14: =(4/27)*(b*A14/B14)^2 -> 0.0079883506 | D14: =SQRT(1.1-($C14*1.1-POWER(1.1,1/3)+1)/($C14-POWER(1.1,-2/3)/3)) -> 1.0113998 | E14: =SQRT(D14-($C14*D14-POWER(D14,1/3)+1)/($C14-POWER(D14,-2/3)/3)) -> 1.0122747 | F14: =SQRT(E14-($C14*E14-POWER(E14,1/3)+1)/($C14-POWER(E14,-2/3)/3)) -> 1.0122785 | G14: =SQRT(F14-($C14*F14-POWER(F14,1/3)+1)/($C14-POWER(F14,-2/3)/3)) -> 1.0122785 | H14: =SQRT(gn*(2*A14/3)^3)*G14*b -> 0.0016650913 | I14: =(L/nu)*POWER(gn*H14/b,1/3)/10^5 -> 2.5659109 | J14: =VLOOKUP($I14,Graph!$D$3:$M$50,col) -> 0.0036 | K14: =VLOOKUP($I14,Graph!$D$3:$M$50,col+1) -> 0.0036 | L14: =J14+Ratio*(K14-J14) -> 0.0036 | M14: =b-2*L14*L -> 0.64371667 | N14: =A14-L14*L -> 0.0094 | O14: =(4/27)*(M14*N14/B14)^2 -> 0.004084744 | P14: =SQRT(G14-(O14*G14-POWER(G14,1/3)+1)/(O14-POWER(G14,-2/3)/3)) -> 1.0062099 | Q14: =SQRT(P14-(O14*P14-POWER(P14,1/3)+1)/(O14-POWER(P14,-2/3)/3)) -> 1.0062034 | R14: =SQRT(Q14-(O14*Q14-POWER(Q14,1/3)+1)/(O14-POWER(Q14,-2/3)/3)) -> 1.0062034 | S14: =SQRT(R14-(O14*R14-POWER(R14,1/3)+1)/(O14-POWER(R14,-2/3)/3)) -> 1.0062034 | T14: =(M14/b)*POWER(N14/A14,3/2) -> 0.60805955 | U14: =SQRT(gn*(2*A14/3)^3)*S14*T14*b -> 0.0010063983 | V14: =(L/nu)*POWER(gn*U14/b,1/3)/10^5 -> 2.1694628 | W14: =VLOOKUP(V14,Graph!$D$3:$M$50,col) -> 0.0038 | X14: =VLOOKUP(V14,Graph!$D$3:$M$50,col+1) -> 0.0038 | Y14: =W14+Ratio*(X14-W14) -> 0.0038 | Z14: =b-2*Y14*L -> 0.64331667 | AA14: =A14-Y14*L -> 0.0092 | AB14: =(4/27)*(Z14*AA14/B14)^2 -> 0.003907913 | AC14: =SQRT(S14-(AB14*S14-POWER(S14,1/3)+1)/(AB14-POWER(S14,-2/3)/3)) -> 1.0059321 | AD14: =SQRT(AC14-(AB14*AC14-POWER(AC14,1/3)+1)/(AB14-POWER(AC14,-2/3)/3)) -> 1.0059316 | AE14: =SQRT(AD14-(AB14*AD14-POWER(AD14,1/3)+1)/(AB14-POWER(AD14,-2/3)/3)) -> 1.0059316 | AF14: =SQRT(AE14-(AB14*AE14-POWER(AE14,1/3)+1)/(AB14-POWER(AE14,-2/3)/3)) -> 1.0059316 | AG14: =(Z14/b)*POWER(AA14/A14,3/2) -> 0.58839114 | AH14: =SQRT(gn*(2*A14/3)^3)*AF14*AG14*b -> 0.00097358218 | AI14: =(L/nu)*POWER(gn*AH14/b,1/3)/10^5 -> 2.1456214 | AJ14: =VLOOKUP(AI14,Graph!$D$3:$M$50,col) -> 0.0038 | AK14: =VLOOKUP(AI14,Graph!$D$3:$M$50,col+1) -> 0.0038 | AL14: =AJ14+Ratio*(AK14-AJ14) -> 0.0038 | AM14: =b-2*AL14*L -> 0.64331667 | AN14: =A14-AL14*L -> 0.0092 | AO14: =(4/27)*(AM14*AN14/B14)^2 -> 0.003907913 | AP14: =SQRT(AF14-(AO14*AF14-POWER(AF14,1/3)+1)/(AO14-POWER(AF14,-2/3)/3)) -> 1.0059316 | AQ14: =SQRT(AP14-(AO14*AP14-POWER(AP14,1/3)+1)/(AO14-POWER(AP14,-2/3)/3)) -> 1.0059316 | AR14: =SQRT(AQ14-(AO14*AQ14-POWER(AQ14,1/3)+1)/(AO14-POWER(AQ14,-2/3)/3)) -> 1.0059316 | AS14: =SQRT(AR14-(AO14*AR14-POWER(AR14,1/3)+1)/(AO14-POWER(AR14,-2/3)/3)) -> 1.0059316 | AT14: =(AM14/b)*POWER(AN14/A14,3/2) -> 0.58839114 | AU14: =SQRT(gn*(2*A14/3)^3)*AS14*AT14*b -> 0.00097358218 | AV14: =AV13+1 -> 13 | AW14: =AU14*1000 -> 0.97358218 | AX14: =AT14 -> 0.58839114 | AY14: =AS14 -> 1.0059316 | AZ14: =AL14 -> 0.0038 | BA14: =AI14 -> 2.1456214
A15: =A14+0.001 -> 0.014 | B15: =Ba*(A15+rho) -> 0.037482 | C15: =(4/27)*(b*A15/B15)^2 -> 0.0087570448 | D15: =SQRT(1.1-($C15*1.1-POWER(1.1,1/3)+1)/($C15-POWER(1.1,-2/3)/3)) -> 1.0126774 | E15: =SQRT(D15-($C15*D15-POWER(D15,1/3)+1)/($C15-POWER(D15,-2/3)/3)) -> 1.0134885 | F15: =SQRT(E15-($C15*E15-POWER(E15,1/3)+1)/($C15-POWER(E15,-2/3)/3)) -> 1.0134923 | G15: =SQRT(F15-($C15*F15-POWER(F15,1/3)+1)/($C15-POWER(F15,-2/3)/3)) -> 1.0134923 | H15: =SQRT(gn*(2*A15/3)^3)*G15*b -> 0.0018630973 | I15: =(L/nu)*POWER(gn*H15/b,1/3)/10^5 -> 2.6638355 | J15: =VLOOKUP($I15,Graph!$D$3:$M$50,col) -> 0.0033 | K15: =VLOOKUP($I15,Graph!$D$3:$M$50,col+1) -> 0.0033 | L15: =J15+Ratio*(K15-J15) -> 0.0033 | M15: =b-2*L15*L -> 0.64431667 | N15: =A15-L15*L -> 0.0107 | O15: =(4/27)*(M15*N15/B15)^2 -> 0.0050120685 | P15: =SQRT(G15-(O15*G15-POWER(G15,1/3)+1)/(O15-POWER(G15,-2/3)/3)) -> 1.0076426 | Q15: =SQRT(P15-(O15*P15-POWER(P15,1/3)+1)/(O15-POWER(P15,-2/3)/3)) -> 1.0076333 | R15: =SQRT(Q15-(O15*Q15-POWER(Q15,1/3)+1)/(O15-POWER(Q15,-2/3)/3)) -> 1.0076333 | S15: =SQRT(R15-(O15*R15-POWER(R15,1/3)+1)/(O15-POWER(R15,-2/3)/3)) -> 1.0076333 | T15: =(M15/b)*POWER(N15/A15,3/2) -> 0.66138994 | U15: =SQRT(gn*(2*A15/3)^3)*S15*T15*b -> 0.0012251102 | V15: =(L/nu)*POWER(gn*U15/b,1/3)/10^5 -> 2.3164376 | W15: =VLOOKUP(V15,Graph!$D$3:$M$50,col) -> 0.0036 | X15: =VLOOKUP(V15,Graph!$D$3:$M$50,col+1) -> 0.0036 | Y15: =W15+Ratio*(X15-W15) -> 0.0036 | Z15: =b-2*Y15*L -> 0.64371667 | AA15: =A15-Y15*L -> 0.0104 | AB15: =(4/27)*(Z15*AA15/B15)^2 -> 0.0047261435 | AC15: =SQRT(S15-(AB15*S15-POWER(S15,1/3)+1)/(AB15-POWER(S15,-2/3)/3)) -> 1.0071926 | AD15: =SQRT(AC15-(AB15*AC15-POWER(AC15,1/3)+1)/(AB15-POWER(AC15,-2/3)/3)) -> 1.0071915 | AE15: =SQRT(AD15-(AB15*AD15-POWER(AD15,1/3)+1)/(AB15-POWER(AD15,-2/3)/3)) -> 1.0071915 | AF15: =SQRT(AE15-(AB15*AE15-POWER(AE15,1/3)+1)/(AB15-POWER(AE15,-2/3)/3)) -> 1.0071915 | AG15: =(Z15/b)*POWER(AA15/A15,3/2) -> 0.63318019 | AH15: =SQRT(gn*(2*A15/3)^3)*AF15*AG15*b -> 0.0011723423 | AI15: =(L/nu)*POWER(gn*AH15/b,1/3)/10^5 -> 2.2826906 | AJ15: =VLOOKUP(AI15,Graph!$D$3:$M$50,col) -> 0.0038 | AK15: =VLOOKUP(AI15,Graph!$D$3:$M$50,col+1) -> 0.0038 | AL15: =AJ15+Ratio*(AK15-AJ15) -> 0.0038 | AM15: =b-2*AL15*L -> 0.64331667 | AN15: =A15-AL15*L -> 0.0102 | AO15: =(4/27)*(AM15*AN15/B15)^2 -> 0.0045404685 | AP15: =SQRT(AF15-(AO15*AF15-POWER(AF15,1/3)+1)/(AO15-POWER(AF15,-2/3)/3)) -> 1.0069057 | AQ15: =SQRT(AP15-(AO15*AP15-POWER(AP15,1/3)+1)/(AO15-POWER(AP15,-2/3)/3)) -> 1.0069051 | AR15: =SQRT(AQ15-(AO15*AQ15-POWER(AQ15,1/3)+1)/(AO15-POWER(AQ15,-2/3)/3)) -> 1.0069051 | AS15: =SQRT(AR15-(AO15*AR15-POWER(AR15,1/3)+1)/(AO15-POWER(AR15,-2/3)/3)) -> 1.0069051 | AT15: =(AM15/b)*POWER(AN15/A15,3/2) -> 0.61462131 | AU15: =SQRT(gn*(2*A15/3)^3)*AS15*AT15*b -> 0.0011376566 | AV15: =AV14+1 -> 14 | AW15: =AU15*1000 -> 1.1376566 | AX15: =AT15 -> 0.61462131 | AY15: =AS15 -> 1.0069051 | AZ15: =AL15 -> 0.0038 | BA15: =AI15 -> 2.2826906
A16: =A15+0.001 -> 0.015 | B16: =Ba*(A16+rho) -> 0.038523167 | C16: =(4/27)*(b*A16/B16)^2 -> 0.0095166823 | D16: =SQRT(1.1-($C16*1.1-POWER(1.1,1/3)+1)/($C16-POWER(1.1,-2/3)/3)) -> 1.0139448 | E16: =SQRT(D16-($C16*D16-POWER(D16,1/3)+1)/($C16-POWER(D16,-2/3)/3)) -> 1.0146938 | F16: =SQRT(E16-($C16*E16-POWER(E16,1/3)+1)/($C16-POWER(E16,-2/3)/3)) -> 1.0146976 | G16: =SQRT(F16-($C16*F16-POWER(F16,1/3)+1)/($C16-POWER(F16,-2/3)/3)) -> 1.0146976 | H16: =SQRT(gn*(2*A16/3)^3)*G16*b -> 0.0020686953 | I16: =(L/nu)*POWER(gn*H16/b,1/3)/10^5 -> 2.7584243 | J16: =VLOOKUP($I16,Graph!$D$3:$M$50,col) -> 0.0033 | K16: =VLOOKUP($I16,Graph!$D$3:$M$50,col+1) -> 0.0033 | L16: =J16+Ratio*(K16-J16) -> 0.0033 | M16: =b-2*L16*L -> 0.64431667 | N16: =A16-L16*L -> 0.0117 | O16: =(4/27)*(M16*N16/B16)^2 -> 0.0056731298 | P16: =SQRT(G16-(O16*G16-POWER(G16,1/3)+1)/(O16-POWER(G16,-2/3)/3)) -> 1.0086692 | Q16: =SQRT(P16-(O16*P16-POWER(P16,1/3)+1)/(O16-POWER(P16,-2/3)/3)) -> 1.0086577 | R16: =SQRT(Q16-(O16*Q16-POWER(Q16,1/3)+1)/(O16-POWER(Q16,-2/3)/3)) -> 1.0086577 | S16: =SQRT(R16-(O16*R16-POWER(R16,1/3)+1)/(O16-POWER(R16,-2/3)/3)) -> 1.0086577 | T16: =(M16/b)*POWER(N16/A16,3/2) -> 0.68189244 | U16: =SQRT(gn*(2*A16/3)^3)*S16*T16*b -> 0.001402231 | V16: =(L/nu)*POWER(gn*U16/b,1/3)/10^5 -> 2.4230856 | W16: =VLOOKUP(V16,Graph!$D$3:$M$50,col) -> 0.0036 | X16: =VLOOKUP(V16,Graph!$D$3:$M$50,col+1) -> 0.0036 | Y16: =W16+Ratio*(X16-W16) -> 0.0036 | Z16: =b-2*Y16*L -> 0.64371667 | AA16: =A16-Y16*L -> 0.0114 | AB16: =(4/27)*(Z16*AA16/B16)^2 -> 0.0053759037 | AC16: =SQRT(S16-(AB16*S16-POWER(S16,1/3)+1)/(AB16-POWER(S16,-2/3)/3)) -> 1.0081978 | AD16: =SQRT(AC16-(AB16*AC16-POWER(AC16,1/3)+1)/(AB16-POWER(AC16,-2/3)/3)) -> 1.0081966 | AE16: =SQRT(AD16-(AB16*AD16-POWER(AD16,1/3)+1)/(AB16-POWER(AD16,-2/3)/3)) -> 1.0081966 | AF16: =SQRT(AE16-(AB16*AE16-POWER(AE16,1/3)+1)/(AB16-POWER(AE16,-2/3)/3)) -> 1.0081966 | AG16: =(Z16/b)*POWER(AA16/A16,3/2) -> 0.65522393 | AH16: =SQRT(gn*(2*A16/3)^3)*AF16*AG16*b -> 0.0013467744 | AI16: =(L/nu)*POWER(gn*AH16/b,1/3)/10^5 -> 2.3907116 | AJ16: =VLOOKUP(AI16,Graph!$D$3:$M$50,col) -> 0.0036 | AK16: =VLOOKUP(AI16,Graph!$D$3:$M$50,col+1) -> 0.0036 | AL16: =AJ16+Ratio*(AK16-AJ16) -> 0.0036 | AM16: =b-2*AL16*L -> 0.64371667 | AN16: =A16-AL16*L -> 0.0114 | AO16: =(4/27)*(AM16*AN16/B16)^2 -> 0.0053759037 | AP16: =SQRT(AF16-(AO16*AF16-POWER(AF16,1/3)+1)/(AO16-POWER(AF16,-2/3)/3)) -> 1.0081966 | AQ16: =SQRT(AP16-(AO16*AP16-POWER(AP16,1/3)+1)/(AO16-POWER(AP16,-2/3)/3)) -> 1.0081966 | AR16: =SQRT(AQ16-(AO16*AQ16-POWER(AQ16,1/3)+1)/(AO16-POWER(AQ16,-2/3)/3)) -> 1.0081966 | AS16: =SQRT(AR16-(AO16*AR16-POWER(AR16,1/3)+1)/(AO16-POWER(AR16,-2/3)/3)) -> 1.0081966 | AT16: =(AM16/b)*POWER(AN16/A16,3/2) -> 0.65522393 | AU16: =SQRT(gn*(2*A16/3)^3)*AS16*AT16*b -> 0.0013467744 | AV16: =AV15+1 -> 15 | AW16: =AU16*1000 -> 1.3467744 | AX16: =AT16 -> 0.65522393 | AY16: =AS16 -> 1.0081966 | AZ16: =AL16 -> 0.0036 | BA16: =AI16 -> 2.3907116
A17: =A16+0.001 -> 0.016 | B17: =Ba*(A17+rho) -> 0.039564333 | C17: =(4/27)*(b*A17/B17)^2 -> 0.01026548 | D17: =SQRT(1.1-($C17*1.1-POWER(1.1,1/3)+1)/($C17-POWER(1.1,-2/3)/3)) -> 1.0151988 | E17: =SQRT(D17-($C17*D17-POWER(D17,1/3)+1)/($C17-POWER(D17,-2/3)/3)) -> 1.0158876 | F17: =SQRT(E17-($C17*E17-POWER(E17,1/3)+1)/($C17-POWER(E17,-2/3)/3)) -> 1.0158913 | G17: =SQRT(F17-($C17*F17-POWER(F17,1/3)+1)/($C17-POWER(F17,-2/3)/3)) -> 1.0158914 | H17: =SQRT(gn*(2*A17/3)^3)*G17*b -> 0.0022816564 | I17: =(L/nu)*POWER(gn*H17/b,1/3)/10^5 -> 2.8500051 | J17: =VLOOKUP($I17,Graph!$D$3:$M$50,col) -> 0.0033 | K17: =VLOOKUP($I17,Graph!$D$3:$M$50,col+1) -> 0.0033 | L17: =J17+Ratio*(K17-J17) -> 0.0033 | M17: =b-2*L17*L -> 0.64431667 | N17: =A17-L17*L -> 0.0127 | O17: =(4/27)*(M17*N17/B17)^2 -> 0.0063371603 | P17: =SQRT(G17-(O17*G17-POWER(G17,1/3)+1)/(O17-POWER(G17,-2/3)/3)) -> 1.0097047 | Q17: =SQRT(P17-(O17*P17-POWER(P17,1/3)+1)/(O17-POWER(P17,-2/3)/3)) -> 1.0096909 | R17: =SQRT(Q17-(O17*Q17-POWER(Q17,1/3)+1)/(O17-POWER(Q17,-2/3)/3)) -> 1.0096908 | S17: =SQRT(R17-(O17*R17-POWER(R17,1/3)+1)/(O17-POWER(R17,-2/3)/3)) -> 1.0096908 | T17: =(M17/b)*POWER(N17/A17,3/2) -> 0.70000248 | U17: =SQRT(gn*(2*A17/3)^3)*S17*T17*b -> 0.0015874168 | V17: =(L/nu)*POWER(gn*U17/b,1/3)/10^5 -> 2.5253751 | W17: =VLOOKUP(V17,Graph!$D$3:$M$50,col) -> 0.0036 | X17: =VLOOKUP(V17,Graph!$D$3:$M$50,col+1) -> 0.0036 | Y17: =W17+Ratio*(X17-W17) -> 0.0036 | Z17: =b-2*Y17*L -> 0.64371667 | AA17: =A17-Y17*L -> 0.0124 | AB17: =(4/27)*(Z17*AA17/B17)^2 -> 0.0060300568 | AC17: =SQRT(S17-(AB17*S17-POWER(S17,1/3)+1)/(AB17-POWER(S17,-2/3)/3)) -> 1.0092139 | AD17: =SQRT(AC17-(AB17*AC17-POWER(AC17,1/3)+1)/(AB17-POWER(AC17,-2/3)/3)) -> 1.0092125 | AE17: =SQRT(AD17-(AB17*AD17-POWER(AD17,1/3)+1)/(AB17-POWER(AD17,-2/3)/3)) -> 1.0092125 | AF17: =SQRT(AE17-(AB17*AE17-POWER(AE17,1/3)+1)/(AB17-POWER(AE17,-2/3)/3)) -> 1.0092125 | AG17: =(Z17/b)*POWER(AA17/A17,3/2) -> 0.67471741 | AH17: =SQRT(gn*(2*A17/3)^3)*AF17*AG17*b -> 0.0015293522 | AI17: =(L/nu)*POWER(gn*AH17/b,1/3)/10^5 -> 2.4942007 | AJ17: =VLOOKUP(AI17,Graph!$D$3:$M$50,col) -> 0.0036 | AK17: =VLOOKUP(AI17,Graph!$D$3:$M$50,col+1) -> 0.0036 | AL17: =AJ17+Ratio*(AK17-AJ17) -> 0.0036 | AM17: =b-2*AL17*L -> 0.64371667 | AN17: =A17-AL17*L -> 0.0124 | AO17: =(4/27)*(AM17*AN17/B17)^2 -> 0.0060300568 | AP17: =SQRT(AF17-(AO17*AF17-POWER(AF17,1/3)+1)/(AO17-POWER(AF17,-2/3)/3)) -> 1.0092125 | AQ17: =SQRT(AP17-(AO17*AP17-POWER(AP17,1/3)+1)/(AO17-POWER(AP17,-2/3)/3)) -> 1.0092125 | AR17: =SQRT(AQ17-(AO17*AQ17-POWER(AQ17,1/3)+1)/(AO17-POWER(AQ17,-2/3)/3)) -> 1.0092125 | AS17: =SQRT(AR17-(AO17*AR17-POWER(AR17,1/3)+1)/(AO17-POWER(AR17,-2/3)/3)) -> 1.0092125 | AT17: =(AM17/b)*POWER(AN17/A17,3/2) -> 0.67471741 | AU17: =SQRT(gn*(2*A17/3)^3)*AS17*AT17*b -> 0.0015293522 | AV17: =AV16+1 -> 16 | AW17: =AU17*1000 -> 1.5293522 | AX17: =AT17 -> 0.67471741 | AY17: =AS17 -> 1.0092125 | AZ17: =AL17 -> 0.0036 | BA17: =AI17 -> 2.4942007
A18: =A17+0.001 -> 0.017 | B18: =Ba*(A18+rho) -> 0.0406055 | C18: =(4/27)*(b*A18/B18)^2 -> 0.011002088 | D18: =SQRT(1.1-($C18*1.1-POWER(1.1,1/3)+1)/($C18-POWER(1.1,-2/3)/3)) -> 1.0164369 | E18: =SQRT(D18-($C18*D18-POWER(D18,1/3)+1)/($C18-POWER(D18,-2/3)/3)) -> 1.0170675 | F18: =SQRT(E18-($C18*E18-POWER(E18,1/3)+1)/($C18-POWER(E18,-2/3)/3)) -> 1.0170712 | G18: =SQRT(F18-($C18*F18-POWER(F18,1/3)+1)/($C18-POWER(F18,-2/3)/3)) -> 1.0170712 | H18: =SQRT(gn*(2*A18/3)^3)*G18*b -> 0.0025017721 | I18: =(L/nu)*POWER(gn*H18/b,1/3)/10^5 -> 2.9388549 | J18: =VLOOKUP($I18,Graph!$D$3:$M$50,col) -> 0.0033 | K18: =VLOOKUP($I18,Graph!$D$3:$M$50,col+1) -> 0.0033 | L18: =J18+Ratio*(K18-J18) -> 0.0033 | M18: =b-2*L18*L -> 0.64431667 | N18: =A18-L18*L -> 0.0137 | O18: =(4/27)*(M18*N18/B18)^2 -> 0.0070011014 | P18: =SQRT(G18-(O18*G18-POWER(G18,1/3)+1)/(O18-POWER(G18,-2/3)/3)) -> 1.0107444 | Q18: =SQRT(P18-(O18*P18-POWER(P18,1/3)+1)/(O18-POWER(P18,-2/3)/3)) -> 1.0107282 | R18: =SQRT(Q18-(O18*Q18-POWER(Q18,1/3)+1)/(O18-POWER(Q18,-2/3)/3)) -> 1.0107281 | S18: =SQRT(R18-(O18*R18-POWER(R18,1/3)+1)/(O18-POWER(R18,-2/3)/3)) -> 1.0107281 | T18: =(M18/b)*POWER(N18/A18,3/2) -> 0.71611281 | U18: =SQRT(gn*(2*A18/3)^3)*S18*T18*b -> 0.0017803779 | V18: =(L/nu)*POWER(gn*U18/b,1/3)/10^5 -> 2.6238135 | W18: =VLOOKUP(V18,Graph!$D$3:$M$50,col) -> 0.0033 | X18: =VLOOKUP(V18,Graph!$D$3:$M$50,col+1) -> 0.0033 | Y18: =W18+Ratio*(X18-W18) -> 0.0033 | Z18: =b-2*Y18*L -> 0.64431667 | AA18: =A18-Y18*L -> 0.0137 | AB18: =(4/27)*(Z18*AA18/B18)^2 -> 0.0070011014 | AC18: =SQRT(S18-(AB18*S18-POWER(S18,1/3)+1)/(AB18-POWER(S18,-2/3)/3)) -> 1.0107281 | AD18: =SQRT(AC18-(AB18*AC18-POWER(AC18,1/3)+1)/(AB18-POWER(AC18,-2/3)/3)) -> 1.0107281 | AE18: =SQRT(AD18-(AB18*AD18-POWER(AD18,1/3)+1)/(AB18-POWER(AD18,-2/3)/3)) -> 1.0107281 | AF18: =SQRT(AE18-(AB18*AE18-POWER(AE18,1/3)+1)/(AB18-POWER(AE18,-2/3)/3)) -> 1.0107281 | AG18: =(Z18/b)*POWER(AA18/A18,3/2) -> 0.71611281 | AH18: =SQRT(gn*(2*A18/3)^3)*AF18*AG18*b -> 0.0017803779 | AI18: =(L/nu)*POWER(gn*AH18/b,1/3)/10^5 -> 2.6238135 | AJ18: =VLOOKUP(AI18,Graph!$D$3:$M$50,col) -> 0.0033 | AK18: =VLOOKUP(AI18,Graph!$D$3:$M$50,col+1) -> 0.0033 | AL18: =AJ18+Ratio*(AK18-AJ18) -> 0.0033 | AM18: =b-2*AL18*L -> 0.64431667 | AN18: =A18-AL18*L -> 0.0137 | AO18: =(4/27)*(AM18*AN18/B18)^2 -> 0.0070011014 | AP18: =SQRT(AF18-(AO18*AF18-POWER(AF18,1/3)+1)/(AO18-POWER(AF18,-2/3)/3)) -> 1.0107281 | AQ18: =SQRT(AP18-(AO18*AP18-POWER(AP18,1/3)+1)/(AO18-POWER(AP18,-2/3)/3)) -> 1.0107281 | AR18: =SQRT(AQ18-(AO18*AQ18-POWER(AQ18,1/3)+1)/(AO18-POWER(AQ18,-2/3)/3)) -> 1.0107281 | AS18: =SQRT(AR18-(AO18*AR18-POWER(AR18,1/3)+1)/(AO18-POWER(AR18,-2/3)/3)) -> 1.0107281 | AT18: =(AM18/b)*POWER(AN18/A18,3/2) -> 0.71611281 | AU18: =SQRT(gn*(2*A18/3)^3)*AS18*AT18*b -> 0.0017803779 | AV18: =AV17+1 -> 17 | AW18: =AU18*1000 -> 1.7803779 | AX18: =AT18 -> 0.71611281 | AY18: =AS18 -> 1.0107281 | AZ18: =AL18 -> 0.0033 | BA18: =AI18 -> 2.6238135
A19: =A18+0.001 -> 0.018 | B19: =Ba*(A19+rho) -> 0.041646667 | C19: =(4/27)*(b*A19/B19)^2 -> 0.011725504 | D19: =SQRT(1.1-($C19*1.1-POWER(1.1,1/3)+1)/($C19-POWER(1.1,-2/3)/3)) -> 1.0176573 | E19: =SQRT(D19-($C19*D19-POWER(D19,1/3)+1)/($C19-POWER(D19,-2/3)/3)) -> 1.0182317 | F19: =SQRT(E19-($C19*E19-POWER(E19,1/3)+1)/($C19-POWER(E19,-2/3)/3)) -> 1.0182353 | G19: =SQRT(F19-($C19*F19-POWER(F19,1/3)+1)/($C19-POWER(F19,-2/3)/3)) -> 1.0182353 | H19: =SQRT(gn*(2*A19/3)^3)*G19*b -> 0.0027288517 | I19: =(L/nu)*POWER(gn*H19/b,1/3)/10^5 -> 3.0252101 | J19: =VLOOKUP($I19,Graph!$D$3:$M$50,col) -> 0.0031 | K19: =VLOOKUP($I19,Graph!$D$3:$M$50,col+1) -> 0.0031 | L19: =J19+Ratio*(K19-J19) -> 0.0031 | M19: =b-2*L19*L -> 0.64471667 | N19: =A19-L19*L -> 0.0149 | O19: =(4/27)*(M19*N19/B19)^2 -> 0.0078821749 | P19: =SQRT(G19-(O19*G19-POWER(G19,1/3)+1)/(O19-POWER(G19,-2/3)/3)) -> 1.0121301 | Q19: =SQRT(P19-(O19*P19-POWER(P19,1/3)+1)/(O19-POWER(P19,-2/3)/3)) -> 1.0121114 | R19: =SQRT(Q19-(O19*Q19-POWER(Q19,1/3)+1)/(O19-POWER(Q19,-2/3)/3)) -> 1.0121113 | S19: =SQRT(R19-(O19*R19-POWER(R19,1/3)+1)/(O19-POWER(R19,-2/3)/3)) -> 1.0121113 | T19: =(M19/b)*POWER(N19/A19,3/2) -> 0.74595761 | U19: =SQRT(gn*(2*A19/3)^3)*S19*T19*b -> 0.0020233648 | V19: =(L/nu)*POWER(gn*U19/b,1/3)/10^5 -> 2.7381272 | W19: =VLOOKUP(V19,Graph!$D$3:$M$50,col) -> 0.0033 | X19: =VLOOKUP(V19,Graph!$D$3:$M$50,col+1) -> 0.0033 | Y19: =W19+Ratio*(X19-W19) -> 0.0033 | Z19: =b-2*Y19*L -> 0.64431667 | AA19: =A19-Y19*L -> 0.0147 | AB19: =(4/27)*(Z19*AA19/B19)^2 -> 0.0076624761 | AC19: =SQRT(S19-(AB19*S19-POWER(S19,1/3)+1)/(AB19-POWER(S19,-2/3)/3)) -> 1.0117671 | AD19: =SQRT(AC19-(AB19*AC19-POWER(AC19,1/3)+1)/(AB19-POWER(AC19,-2/3)/3)) -> 1.0117657 | AE19: =SQRT(AD19-(AB19*AD19-POWER(AD19,1/3)+1)/(AB19-POWER(AD19,-2/3)/3)) -> 1.0117657 | AF19: =SQRT(AE19-(AB19*AE19-POWER(AE19,1/3)+1)/(AB19-POWER(AE19,-2/3)/3)) -> 1.0117657 | AG19: =(Z19/b)*POWER(AA19/A19,3/2) -> 0.73053532 | AH19: =SQRT(gn*(2*A19/3)^3)*AF19*AG19*b -> 0.0019808562 | AI19: =(L/nu)*POWER(gn*AH19/b,1/3)/10^5 -> 2.7188164 | AJ19: =VLOOKUP(AI19,Graph!$D$3:$M$50,col) -> 0.0033 | AK19: =VLOOKUP(AI19,Graph!$D$3:$M$50,col+1) -> 0.0033 | AL19: =AJ19+Ratio*(AK19-AJ19) -> 0.0033 | AM19: =b-2*AL19*L -> 0.64431667 | AN19: =A19-AL19*L -> 0.0147 | AO19: =(4/27)*(AM19*AN19/B19)^2 -> 0.0076624761 | AP19: =SQRT(AF19-(AO19*AF19-POWER(AF19,1/3)+1)/(AO19-POWER(AF19,-2/3)/3)) -> 1.0117657 | AQ19: =SQRT(AP19-(AO19*AP19-POWER(AP19,1/3)+1)/(AO19-POWER(AP19,-2/3)/3)) -> 1.0117657 | AR19: =SQRT(AQ19-(AO19*AQ19-POWER(AQ19,1/3)+1)/(AO19-POWER(AQ19,-2/3)/3)) -> 1.0117657 | AS19: =SQRT(AR19-(AO19*AR19-POWER(AR19,1/3)+1)/(AO19-POWER(AR19,-2/3)/3)) -> 1.0117657 | AT19: =(AM19/b)*POWER(AN19/A19,3/2) -> 0.73053532 | AU19: =SQRT(gn*(2*A19/3)^3)*AS19*AT19*b -> 0.0019808562 | AV19: =AV18+1 -> 18 | AW19: =AU19*1000 -> 1.9808562 | AX19: =AT19 -> 0.73053532 | AY19: =AS19 -> 1.0117657 | AZ19: =AL19 -> 0.0033 | BA19: =AI19 -> 2.7188164
A20: =A19+0.001 -> 0.019 | B20: =Ba*(A20+rho) -> 0.042687833 | C20: =(4/27)*(b*A20/B20)^2 -> 0.012435006 | D20: =SQRT(1.1-($C20*1.1-POWER(1.1,1/3)+1)/($C20-POWER(1.1,-2/3)/3)) -> 1.0188584 | E20: =SQRT(D20-($C20*D20-POWER(D20,1/3)+1)/($C20-POWER(D20,-2/3)/3)) -> 1.0193788 | F20: =SQRT(E20-($C20*E20-POWER(E20,1/3)+1)/($C20-POWER(E20,-2/3)/3)) -> 1.0193823 | G20: =SQRT(F20-($C20*F20-POWER(F20,1/3)+1)/($C20-POWER(F20,-2/3)/3)) -> 1.0193823 | H20: =SQRT(gn*(2*A20/3)^3)*G20*b -> 0.0029627193 | I20: =(L/nu)*POWER(gn*H20/b,1/3)/10^5 -> 3.1092745 | J20: =VLOOKUP($I20,Graph!$D$3:$M$50,col) -> 0.0031 | K20: =VLOOKUP($I20,Graph!$D$3:$M$50,col+1) -> 0.0031 | L20: =J20+Ratio*(K20-J20) -> 0.0031 | M20: =b-2*L20*L -> 0.64471667 | N20: =A20-L20*L -> 0.0159 | O20: =(4/27)*(M20*N20/B20)^2 -> 0.0085431896 | P20: =SQRT(G20-(O20*G20-POWER(G20,1/3)+1)/(O20-POWER(G20,-2/3)/3)) -> 1.0131752 | Q20: =SQRT(P20-(O20*P20-POWER(P20,1/3)+1)/(O20-POWER(P20,-2/3)/3)) -> 1.0131541 | R20: =SQRT(Q20-(O20*Q20-POWER(Q20,1/3)+1)/(O20-POWER(Q20,-2/3)/3)) -> 1.0131541 | S20: =SQRT(R20-(O20*R20-POWER(R20,1/3)+1)/(O20-POWER(R20,-2/3)/3)) -> 1.0131541 | T20: =(M20/b)*POWER(N20/A20,3/2) -> 0.75824367 | U20: =SQRT(gn*(2*A20/3)^3)*S20*T20*b -> 0.0022327376 | V20: =(L/nu)*POWER(gn*U20/b,1/3)/10^5 -> 2.8294897 | W20: =VLOOKUP(V20,Graph!$D$3:$M$50,col) -> 0.0033 | X20: =VLOOKUP(V20,Graph!$D$3:$M$50,col+1) -> 0.0033 | Y20: =W20+Ratio*(X20-W20) -> 0.0033 | Z20: =b-2*Y20*L -> 0.64431667 | AA20: =A20-Y20*L -> 0.0157 | AB20: =(4/27)*(Z20*AA20/B20)^2 -> 0.0083192857 | AC20: =SQRT(S20-(AB20*S20-POWER(S20,1/3)+1)/(AB20-POWER(S20,-2/3)/3)) -> 1.0128019 | AD20: =SQRT(AC20-(AB20*AC20-POWER(AC20,1/3)+1)/(AB20-POWER(AC20,-2/3)/3)) -> 1.0128004 | AE20: =SQRT(AD20-(AB20*AD20-POWER(AD20,1/3)+1)/(AB20-POWER(AD20,-2/3)/3)) -> 1.0128004 | AF20: =SQRT(AE20-(AB20*AE20-POWER(AE20,1/3)+1)/(AB20-POWER(AE20,-2/3)/3)) -> 1.0128004 | AG20: =(Z20/b)*POWER(AA20/A20,3/2) -> 0.74352068 | AH20: =SQRT(gn*(2*A20/3)^3)*AF20*AG20*b -> 0.0021886197 | AI20: =(L/nu)*POWER(gn*AH20/b,1/3)/10^5 -> 2.8107291 | AJ20: =VLOOKUP(AI20,Graph!$D$3:$M$50,col) -> 0.0033 | AK20: =VLOOKUP(AI20,Graph!$D$3:$M$50,col+1) -> 0.0033 | AL20: =AJ20+Ratio*(AK20-AJ20) -> 0.0033 | AM20: =b-2*AL20*L -> 0.64431667 | AN20: =A20-AL20*L -> 0.0157 | AO20: =(4/27)*(AM20*AN20/B20)^2 -> 0.0083192857 | AP20: =SQRT(AF20-(AO20*AF20-POWER(AF20,1/3)+1)/(AO20-POWER(AF20,-2/3)/3)) -> 1.0128004 | AQ20: =SQRT(AP20-(AO20*AP20-POWER(AP20,1/3)+1)/(AO20-POWER(AP20,-2/3)/3)) -> 1.0128004 | AR20: =SQRT(AQ20-(AO20*AQ20-POWER(AQ20,1/3)+1)/(AO20-POWER(AQ20,-2/3)/3)) -> 1.0128004 | AS20: =SQRT(AR20-(AO20*AR20-POWER(AR20,1/3)+1)/(AO20-POWER(AR20,-2/3)/3)) -> 1.0128004 | AT20: =(AM20/b)*POWER(AN20/A20,3/2) -> 0.74352068 | AU20: =SQRT(gn*(2*A20/3)^3)*AS20*AT20*b -> 0.0021886197 | AV20: =AV19+1 -> 19 | AW20: =AU20*1000 -> 2.1886197 | AX20: =AT20 -> 0.74352068 | AY20: =AS20 -> 1.0128004 | AZ20: =AL20 -> 0.0033 | BA20: =AI20 -> 2.8107291
A21: =A20+0.001 -> 0.02 | B21: =Ba*(A21+rho) -> 0.043729 | C21: =(4/27)*(b*A21/B21)^2 -> 0.013130096 | D21: =SQRT(1.1-($C21*1.1-POWER(1.1,1/3)+1)/($C21-POWER(1.1,-2/3)/3)) -> 1.0200393 | E21: =SQRT(D21-($C21*D21-POWER(D21,1/3)+1)/($C21-POWER(D21,-2/3)/3)) -> 1.0205077 | F21: =SQRT(E21-($C21*E21-POWER(E21,1/3)+1)/($C21-POWER(E21,-2/3)/3)) -> 1.020511 | G21: =SQRT(F21-($C21*F21-POWER(F21,1/3)+1)/($C21-POWER(F21,-2/3)/3)) -> 1.0205111 | H21: =SQRT(gn*(2*A21/3)^3)*G21*b -> 0.0032032122 | I21: =(L/nu)*POWER(gn*H21/b,1/3)/10^5 -> 3.1912253 | J21: =VLOOKUP($I21,Graph!$D$3:$M$50,col) -> 0.0031 | K21: =VLOOKUP($I21,Graph!$D$3:$M$50,col+1) -> 0.0031 | L21: =J21+Ratio*(K21-J21) -> 0.0031 | M21: =b-2*L21*L -> 0.64471667 | N21: =A21-L21*L -> 0.0169 | O21: =(4/27)*(M21*N21/B21)^2 -> 0.0091974691 | P21: =SQRT(G21-(O21*G21-POWER(G21,1/3)+1)/(O21-POWER(G21,-2/3)/3)) -> 1.0142141 | Q21: =SQRT(P21-(O21*P21-POWER(P21,1/3)+1)/(O21-POWER(P21,-2/3)/3)) -> 1.0141905 | R21: =SQRT(Q21-(O21*Q21-POWER(Q21,1/3)+1)/(O21-POWER(Q21,-2/3)/3)) -> 1.0141904 | S21: =SQRT(R21-(O21*R21-POWER(R21,1/3)+1)/(O21-POWER(R21,-2/3)/3)) -> 1.0141904 | T21: =(M21/b)*POWER(N21/A21,3/2) -> 0.76935817 | U21: =SQRT(gn*(2*A21/3)^3)*S21*T21*b -> 0.0024491539 | V21: =(L/nu)*POWER(gn*U21/b,1/3)/10^5 -> 2.918105 | W21: =VLOOKUP(V21,Graph!$D$3:$M$50,col) -> 0.0033 | X21: =VLOOKUP(V21,Graph!$D$3:$M$50,col+1) -> 0.0033 | Y21: =W21+Ratio*(X21-W21) -> 0.0033 | Z21: =b-2*Y21*L -> 0.64431667 | AA21: =A21-Y21*L -> 0.0167 | AB21: =(4/27)*(Z21*AA21/B21)^2 -> 0.0089699249 | AC21: =SQRT(S21-(AB21*S21-POWER(S21,1/3)+1)/(AB21-POWER(S21,-2/3)/3)) -> 1.0138312 | AD21: =SQRT(AC21-(AB21*AC21-POWER(AC21,1/3)+1)/(AB21-POWER(AC21,-2/3)/3)) -> 1.0138295 | AE21: =SQRT(AD21-(AB21*AD21-POWER(AD21,1/3)+1)/(AB21-POWER(AD21,-2/3)/3)) -> 1.0138295 | AF21: =SQRT(AE21-(AB21*AE21-POWER(AE21,1/3)+1)/(AB21-POWER(AE21,-2/3)/3)) -> 1.0138295 | AG21: =(Z21/b)*POWER(AA21/A21,3/2) -> 0.75527253 | AH21: =SQRT(gn*(2*A21/3)^3)*AF21*AG21*b -> 0.0024034584 | AI21: =(L/nu)*POWER(gn*AH21/b,1/3)/10^5 -> 2.8998427 | AJ21: =VLOOKUP(AI21,Graph!$D$3:$M$50,col) -> 0.0033 | AK21: =VLOOKUP(AI21,Graph!$D$3:$M$50,col+1) -> 0.0033 | AL21: =AJ21+Ratio*(AK21-AJ21) -> 0.0033 | AM21: =b-2*AL21*L -> 0.64431667 | AN21: =A21-AL21*L -> 0.0167 | AO21: =(4/27)*(AM21*AN21/B21)^2 -> 0.0089699249 | AP21: =SQRT(AF21-(AO21*AF21-POWER(AF21,1/3)+1)/(AO21-POWER(AF21,-2/3)/3)) -> 1.0138295 | AQ21: =SQRT(AP21-(AO21*AP21-POWER(AP21,1/3)+1)/(AO21-POWER(AP21,-2/3)/3)) -> 1.0138295 | AR21: =SQRT(AQ21-(AO21*AQ21-POWER(AQ21,1/3)+1)/(AO21-POWER(AQ21,-2/3)/3)) -> 1.0138295 | AS21: =SQRT(AR21-(AO21*AR21-POWER(AR21,1/3)+1)/(AO21-POWER(AR21,-2/3)/3)) -> 1.0138295 | AT21: =(AM21/b)*POWER(AN21/A21,3/2) -> 0.75527253 | AU21: =SQRT(gn*(2*A21/3)^3)*AS21*AT21*b -> 0.0024034584 | AV21: =AV20+1 -> 20 | AW21: =AU21*1000 -> 2.4034584 | AX21: =AT21 -> 0.75527253 | AY21: =AS21 -> 1.0138295 | AZ21: =AL21 -> 0.0033 | BA21: =AI21 -> 2.8998427
A22: =A21+0.001 -> 0.021 | B22: =Ba*(A22+rho) -> 0.044770167 | C22: =(4/27)*(b*A22/B22)^2 -> 0.013810461 | D22: =SQRT(1.1-($C22*1.1-POWER(1.1,1/3)+1)/($C22-POWER(1.1,-2/3)/3)) -> 1.0211992 | E22: =SQRT(D22-($C22*D22-POWER(D22,1/3)+1)/($C22-POWER(D22,-2/3)/3)) -> 1.0216177 | F22: =SQRT(E22-($C22*E22-POWER(E22,1/3)+1)/($C22-POWER(E22,-2/3)/3)) -> 1.0216208 | G22: =SQRT(F22-($C22*F22-POWER(F22,1/3)+1)/($C22-POWER(F22,-2/3)/3)) -> 1.0216208 | H22: =SQRT(gn*(2*A22/3)^3)*G22*b -> 0.0034501793 | I22: =(L/nu)*POWER(gn*H22/b,1/3)/10^5 -> 3.2712177 | J22: =VLOOKUP($I22,Graph!$D$3:$M$50,col) -> 0.0031 | K22: =VLOOKUP($I22,Graph!$D$3:$M$50,col+1) -> 0.0031 | L22: =J22+Ratio*(K22-J22) -> 0.0031 | M22: =b-2*L22*L -> 0.64471667 | N22: =A22-L22*L -> 0.0179 | O22: =(4/27)*(M22*N22/B22)^2 -> 0.0098437973 | P22: =SQRT(G22-(O22*G22-POWER(G22,1/3)+1)/(O22-POWER(G22,-2/3)/3)) -> 1.0152445 | Q22: =SQRT(P22-(O22*P22-POWER(P22,1/3)+1)/(O22-POWER(P22,-2/3)/3)) -> 1.0152185 | R22: =SQRT(Q22-(O22*Q22-POWER(Q22,1/3)+1)/(O22-POWER(Q22,-2/3)/3)) -> 1.0152184 | S22: =SQRT(R22-(O22*R22-POWER(R22,1/3)+1)/(O22-POWER(R22,-2/3)/3)) -> 1.0152184 | T22: =(M22/b)*POWER(N22/A22,3/2) -> 0.7794605 | U22: =SQRT(gn*(2*A22/3)^3)*S22*T22*b -> 0.0026724251 | V22: =(L/nu)*POWER(gn*U22/b,1/3)/10^5 -> 3.0042131 | W22: =VLOOKUP(V22,Graph!$D$3:$M$50,col) -> 0.0031 | X22: =VLOOKUP(V22,Graph!$D$3:$M$50,col+1) -> 0.0031 | Y22: =W22+Ratio*(X22-W22) -> 0.0031 | Z22: =b-2*Y22*L -> 0.64471667 | AA22: =A22-Y22*L -> 0.0179 | AB22: =(4/27)*(Z22*AA22/B22)^2 -> 0.0098437973 | AC22: =SQRT(S22-(AB22*S22-POWER(S22,1/3)+1)/(AB22-POWER(S22,-2/3)/3)) -> 1.0152184 | AD22: =SQRT(AC22-(AB22*AC22-POWER(AC22,1/3)+1)/(AB22-POWER(AC22,-2/3)/3)) -> 1.0152184 | AE22: =SQRT(AD22-(AB22*AD22-POWER(AD22,1/3)+1)/(AB22-POWER(AD22,-2/3)/3)) -> 1.0152184 | AF22: =SQRT(AE22-(AB22*AE22-POWER(AE22,1/3)+1)/(AB22-POWER(AE22,-2/3)/3)) -> 1.0152184 | AG22: =(Z22/b)*POWER(AA22/A22,3/2) -> 0.7794605 | AH22: =SQRT(gn*(2*A22/3)^3)*AF22*AG22*b -> 0.0026724251 | AI22: =(L/nu)*POWER(gn*AH22/b,1/3)/10^5 -> 3.0042131 | AJ22: =VLOOKUP(AI22,Graph!$D$3:$M$50,col) -> 0.0031 | AK22: =VLOOKUP(AI22,Graph!$D$3:$M$50,col+1) -> 0.0031 | AL22: =AJ22+Ratio*(AK22-AJ22) -> 0.0031 | AM22: =b-2*AL22*L -> 0.64471667 | AN22: =A22-AL22*L -> 0.0179 | AO22: =(4/27)*(AM22*AN22/B22)^2 -> 0.0098437973 | AP22: =SQRT(AF22-(AO22*AF22-POWER(AF22,1/3)+1)/(AO22-POWER(AF22,-2/3)/3)) -> 1.0152184 | AQ22: =SQRT(AP22-(AO22*AP22-POWER(AP22,1/3)+1)/(AO22-POWER(AP22,-2/3)/3)) -> 1.0152184 | AR22: =SQRT(AQ22-(AO22*AQ22-POWER(AQ22,1/3)+1)/(AO22-POWER(AQ22,-2/3)/3)) -> 1.0152184 | AS22: =SQRT(AR22-(AO22*AR22-POWER(AR22,1/3)+1)/(AO22-POWER(AR22,-2/3)/3)) -> 1.0152184 | AT22: =(AM22/b)*POWER(AN22/A22,3/2) -> 0.7794605 | AU22: =SQRT(gn*(2*A22/3)^3)*AS22*AT22*b -> 0.0026724251 | AV22: =AV21+1 -> 21 | AW22: =AU22*1000 -> 2.6724251 | AX22: =AT22 -> 0.7794605 | AY22: =AS22 -> 1.0152184 | AZ22: =AL22 -> 0.0031 | BA22: =AI22 -> 3.0042131
A23: =A22+0.001 -> 0.022 | B23: =Ba*(A23+rho) -> 0.045811333 | C23: =(4/27)*(b*A23/B23)^2 -> 0.014475931 | D23: =SQRT(1.1-($C23*1.1-POWER(1.1,1/3)+1)/($C23-POWER(1.1,-2/3)/3)) -> 1.0223375 | E23: =SQRT(D23-($C23*D23-POWER(D23,1/3)+1)/($C23-POWER(D23,-2/3)/3)) -> 1.022708 | F23: =SQRT(E23-($C23*E23-POWER(E23,1/3)+1)/($C23-POWER(E23,-2/3)/3)) -> 1.0227109 | G23: =SQRT(F23-($C23*F23-POWER(F23,1/3)+1)/($C23-POWER(F23,-2/3)/3)) -> 1.022711 | H23: =SQRT(gn*(2*A23/3)^3)*G23*b -> 0.0037034794 | I23: =(L/nu)*POWER(gn*H23/b,1/3)/10^5 -> 3.3493886 | J23: =VLOOKUP($I23,Graph!$D$3:$M$50,col) -> 0.0031 | K23: =VLOOKUP($I23,Graph!$D$3:$M$50,col+1) -> 0.0031 | L23: =J23+Ratio*(K23-J23) -> 0.0031 | M23: =b-2*L23*L -> 0.64471667 | N23: =A23-L23*L -> 0.0189 | O23: =(4/27)*(M23*N23/B23)^2 -> 0.010481218 | P23: =SQRT(G23-(O23*G23-POWER(G23,1/3)+1)/(O23-POWER(G23,-2/3)/3)) -> 1.016265 | Q23: =SQRT(P23-(O23*P23-POWER(P23,1/3)+1)/(O23-POWER(P23,-2/3)/3)) -> 1.0162365 | R23: =SQRT(Q23-(O23*Q23-POWER(Q23,1/3)+1)/(O23-POWER(Q23,-2/3)/3)) -> 1.0162363 | S23: =SQRT(R23-(O23*R23-POWER(R23,1/3)+1)/(O23-POWER(R23,-2/3)/3)) -> 1.0162363 | T23: =(M23/b)*POWER(N23/A23,3/2) -> 0.78868247 | U23: =SQRT(gn*(2*A23/3)^3)*S23*T23*b -> 0.0029023778 | V23: =(L/nu)*POWER(gn*U23/b,1/3)/10^5 -> 3.0880207 | W23: =VLOOKUP(V23,Graph!$D$3:$M$50,col) -> 0.0031 | X23: =VLOOKUP(V23,Graph!$D$3:$M$50,col+1) -> 0.0031 | Y23: =W23+Ratio*(X23-W23) -> 0.0031 | Z23: =b-2*Y23*L -> 0.64471667 | AA23: =A23-Y23*L -> 0.0189 | AB23: =(4/27)*(Z23*AA23/B23)^2 -> 0.010481218 | AC23: =SQRT(S23-(AB23*S23-POWER(S23,1/3)+1)/(AB23-POWER(S23,-2/3)/3)) -> 1.0162363 | AD23: =SQRT(AC23-(AB23*AC23-POWER(AC23,1/3)+1)/(AB23-POWER(AC23,-2/3)/3)) -> 1.0162363 | AE23: =SQRT(AD23-(AB23*AD23-POWER(AD23,1/3)+1)/(AB23-POWER(AD23,-2/3)/3)) -> 1.0162363 | AF23: =SQRT(AE23-(AB23*AE23-POWER(AE23,1/3)+1)/(AB23-POWER(AE23,-2/3)/3)) -> 1.0162363 | AG23: =(Z23/b)*POWER(AA23/A23,3/2) -> 0.78868247 | AH23: =SQRT(gn*(2*A23/3)^3)*AF23*AG23*b -> 0.0029023778 | AI23: =(L/nu)*POWER(gn*AH23/b,1/3)/10^5 -> 3.0880207 | AJ23: =VLOOKUP(AI23,Graph!$D$3:$M$50,col) -> 0.0031 | AK23: =VLOOKUP(AI23,Graph!$D$3:$M$50,col+1) -> 0.0031 | AL23: =AJ23+Ratio*(AK23-AJ23) -> 0.0031 | AM23: =b-2*AL23*L -> 0.64471667 | AN23: =A23-AL23*L -> 0.0189 | AO23: =(4/27)*(AM23*AN23/B23)^2 -> 0.010481218 | AP23: =SQRT(AF23-(AO23*AF23-POWER(AF23,1/3)+1)/(AO23-POWER(AF23,-2/3)/3)) -> 1.0162363 | AQ23: =SQRT(AP23-(AO23*AP23-POWER(AP23,1/3)+1)/(AO23-POWER(AP23,-2/3)/3)) -> 1.0162363 | AR23: =SQRT(AQ23-(AO23*AQ23-POWER(AQ23,1/3)+1)/(AO23-POWER(AQ23,-2/3)/3)) -> 1.0162363 | AS23: =SQRT(AR23-(AO23*AR23-POWER(AR23,1/3)+1)/(AO23-POWER(AR23,-2/3)/3)) -> 1.0162363 | AT23: =(AM23/b)*POWER(AN23/A23,3/2) -> 0.78868247 | AU23: =SQRT(gn*(2*A23/3)^3)*AS23*AT23*b -> 0.0029023778 | AV23: =AV22+1 -> 22 | AW23: =AU23*1000 -> 2.9023778 | AX23: =AT23 -> 0.78868247 | AY23: =AS23 -> 1.0162363 | AZ23: =AL23 -> 0.0031 | BA23: =AI23 -> 3.0880207
... A2001: =A2000+0.001 -> 2 | B2001: =Ba*(A2001+rho) -> 2.105239 | C2001: =(4/27)*(b*A2001/B2001)^2 -> 0.056650558 | D2001: =SQRT(1.1-($C2001*1.1-POWER(1.1,1/3)+1)/($C2001-POWER(1.1,-2/3)/3)) -> 1.1032915 | E2001: =SQRT(D2001-($C2001*D2001-POWER(D2001,1/3)+1)/($C2001-POWER(D2001,-2/3)/3)) -> 1.1034191 | F2001: =SQRT(E2001-($C2001*E2001-POWER(E2001,1/3)+1)/($C2001-POWER(E2001,-2/3)/3)) -> 1.103424 | G2001: =SQRT(F2001-($C2001*F2001-POWER(F2001,1/3)+1)/($C2001-POWER(F2001,-2/3)/3)) -> 1.1034242 | H2001: =SQRT(gn*(2*A2001/3)^3)*G2001*b -> 3.4634626 | I2001: =(L/nu)*POWER(gn*H2001/b,1/3)/10^5 -> 32.754104 | J2001: =VLOOKUP($I2001,Graph!$D$3:$M$50,col) -> 0.0063 | K2001: =VLOOKUP($I2001,Graph!$D$3:$M$50,col+1) -> 0.005 | L2001: =J2001+Ratio*(K2001-J2001) -> 0.0054333333 | M2001: =b-2*L2001*L -> 0.64005 | N2001: =A2001-L2001*L -> 1.9945667 | O2001: =(4/27)*(M2001*N2001/B2001)^2 -> 0.054477646 | P2001: =SQRT(G2001-(O2001*G2001-POWER(G2001,1/3)+1)/(O2001-POWER(G2001,-2/3)/3)) -> 1.0987621 | Q2001: =SQRT(P2001-(O2001*P2001-POWER(P2001,1/3)+1)/(O2001-POWER(P2001,-2/3)/3)) -> 1.0985972 | R2001: =SQRT(Q2001-(O2001*Q2001-POWER(Q2001,1/3)+1)/(O2001-POWER(Q2001,-2/3)/3)) -> 1.0985912 | S2001: =SQRT(R2001-(O2001*R2001-POWER(R2001,1/3)+1)/(O2001-POWER(R2001,-2/3)/3)) -> 1.098591 | T2001: =(M2001/b)*POWER(N2001/A2001,3/2) -> 0.97930135 | U2001: =SQRT(gn*(2*A2001/3)^3)*S2001*T2001*b -> 3.376917 | V2001: =(L/nu)*POWER(gn*U2001/b,1/3)/10^5 -> 32.478978 | W2001: =VLOOKUP(V2001,Graph!$D$3:$M$50,col) -> 0.0063 | X2001: =VLOOKUP(V2001,Graph!$D$3:$M$50,col+1) -> 0.005 | Y2001: =W2001+Ratio*(X2001-W2001) -> 0.0054333333 | Z2001: =b-2*Y2001*L -> 0.64005 | AA2001: =A2001-Y2001*L -> 1.9945667 | AB2001: =(4/27)*(Z2001*AA2001/B2001)^2 -> 0.054477646 | AC2001: =SQRT(S2001-(AB2001*S2001-POWER(S2001,1/3)+1)/(AB2001-POWER(S2001,-2/3)/3)) -> 1.098591 | AD2001: =SQRT(AC2001-(AB2001*AC2001-POWER(AC2001,1/3)+1)/(AB2001-POWER(AC2001,-2/3)/3)) -> 1.098591 | AE2001: =SQRT(AD2001-(AB2001*AD2001-POWER(AD2001,1/3)+1)/(AB2001-POWER(AD2001,-2/3)/3)) -> 1.098591 | AF2001: =SQRT(AE2001-(AB2001*AE2001-POWER(AE2001,1/3)+1)/(AB2001-POWER(AE2001,-2/3)/3)) -> 1.098591 | AG2001: =(Z2001/b)*POWER(AA2001/A2001,3/2) -> 0.97930135 | AH2001: =SQRT(gn*(2*A2001/3)^3)*AF2001*AG2001*b -> 3.376917 | AI2001: =(L/nu)*POWER(gn*AH2001/b,1/3)/10^5 -> 32.478978 | AJ2001: =VLOOKUP(AI2001,Graph!$D$3:$M$50,col) -> 0.0063 | AK2001: =VLOOKUP(AI2001,Graph!$D$3:$M$50,col+1) -> 0.005 | AL2001: =AJ2001+Ratio*(AK2001-AJ2001) -> 0.0054333333 | AM2001: =b-2*AL2001*L -> 0.64005 | AN2001: =A2001-AL2001*L -> 1.9945667 | AO2001: =(4/27)*(AM2001*AN2001/B2001)^2 -> 0.054477646 | AP2001: =SQRT(AF2001-(AO2001*AF2001-POWER(AF2001,1/3)+1)/(AO2001-POWER(AF2001,-2/3)/3)) -> 1.098591 | AQ2001: =SQRT(AP2001-(AO2001*AP2001-POWER(AP2001,1/3)+1)/(AO2001-POWER(AP2001,-2/3)/3)) -> 1.098591 | AR2001: =SQRT(AQ2001-(AO2001*AQ2001-POWER(AQ2001,1/3)+1)/(AO2001-POWER(AQ2001,-2/3)/3)) -> 1.098591 | AS2001: =SQRT(AR2001-(AO2001*AR2001-POWER(AR2001,1/3)+1)/(AO2001-POWER(AR2001,-2/3)/3)) -> 1.098591 | AT2001: =(AM2001/b)*POWER(AN2001/A2001,3/2) -> 0.97930135 | AU2001: =SQRT(gn*(2*A2001/3)^3)*AS2001*AT2001*b -> 3.376917 | AV2001: =AV2000+1 -> 2000 | AW2001: =AU2001*1000 -> 3376.917 | AX2001: =AT2001 -> 0.97930135 | AY2001: =AS2001 -> 1.098591 | AZ2001: =AL2001 -> 0.0054333333 | BA2001: =AI2001 -> 32.478978

Sheet Graph
D1: Re/10^5 | I1: delta*/L
A2: L/k | B2: Column | C2: L/k | E2: L/k =400 | F2: L/k = 600 | G2: L/k = 10^3 | H2: L/k = 2000 | I2: L/k = 4000 | J2: L/k =10^4 | K2: L/k=30000 | L2: L/k = 10^5 | M2: L/k = 10^7
A3: 400 | B3: 2 | C3: 400 | D3: 1 | E3: 0.0054 | F3: 0.0054 | G3: 0.0054 | H3: 0.0054 | I3: 0.0054 | J3: 0.0054 | K3: 0.0054 | L3: 0.0054 | M3: 0.0054
A4: 600 | B4: 3 | C4: 600 | D4: 1.2 | E4: 0.0051 | F4: 0.0051 | G4: 0.0051 | H4: 0.0051 | I4: 0.0051 | J4: 0.0051 | K4: 0.0051 | L4: 0.0051 | M4: 0.0051
A5: 1000 | B5: 4 | C5: 1000 | D5: 1.4 | E5: 0.0047 | F5: 0.0047 | G5: 0.0047 | H5: 0.0047 | I5: 0.0047 | J5: 0.0047 | K5: 0.0047 | L5: 0.0047 | M5: 0.0047
A6: 2000 | B6: 5 | C6: 2000 | D6: 1.6 | E6: 0.0044 | F6: 0.0044 | G6: 0.0044 | H6: 0.0044 | I6: 0.0044 | J6: 0.0044 | K6: 0.0044 | L6: 0.0044 | M6: 0.0044
A7: 4000 | B7: 6 | C7: 4000 | D7: 1.8 | E7: 0.0041 | F7: 0.0041 | G7: 0.0041 | H7: 0.0041 | I7: 0.0041 | J7: 0.0041 | K7: 0.0041 | L7: 0.0041 | M7: 0.0041
A8: 10000 | B8: 7 | C8: 10000 | D8: 2 | E8: 0.0038 | F8: 0.0038 | G8: 0.0038 | H8: 0.0038 | I8: 0.0038 | J8: 0.0038 | K8: 0.0038 | L8: 0.0038 | M8: 0.0038
A9: 30000 | B9: 8 | C9: 30000 | D9: 2.3 | E9: 0.0036 | F9: 0.0036 | G9: 0.0036 | H9: 0.0036 | I9: 0.0036 | J9: 0.0036 | K9: 0.0036 | L9: 0.0036 | M9: 0.0036
A10: 100000 | B10: 9 | C10: 100000 | D10: 2.6 | E10: 0.0033 | F10: 0.0033 | G10: 0.0033 | H10: 0.0033 | I10: 0.0033 | J10: 0.0033 | K10: 0.0033 | L10: 0.0033 | M10: 0.0033
A11: 10000000 | B11: 10 | C11: 10000000 | D11: 3 | E11: 0.0031 | F11: 0.0031 | G11: 0.0031 | H11: 0.0031 | I11: 0.0031 | J11: 0.0031 | K11: 0.0031 | L11: 0.0031 | M11: 0.0031
D12: 3.5 | E12: 0.0028 | F12: 0.0028 | G12: 0.0028 | H12: 0.0027 | I12: 0.0027 | J12: 0.0027 | K12: 0.0027 | L12: 0.0027 | M12: 0.0027
A13: Interpolation ratio | D13: 4 | E13: 0.0029 | F13: 0.0028 | G13: 0.0027 | H13: 0.0026 | I13: 0.0025 | J13: 0.0024 | K13: 0.0023 | L13: 0.0023 | M13: 0.0023
A14: =LOOKUP(L/k,A3:A11,B3:B11) -> 4 | D14: 4.5 | E14: 0.0035 | F14: 0.0032 | G14: 0.0029 | H14: 0.0026 | I14: 0.0024 | J14: 0.0023 | K14: 0.0022 | L14: 0.0021 | M14: 0.0021
A15: =LOOKUP(col,B3:B11,C3:C11) -> 1000 | D15: 5 | E15: 0.0042 | F15: 0.0038 | G15: 0.0033 | H15: 0.0028 | I15: 0.0025 | J15: 0.0023 | K15: 0.0021 | L15: 0.002 | M15: 0.002
A16: =LOOKUP(col+1,B3:B11,C3:C11) -> 2000 | D16: 5.5 | E16: 0.005 | F16: 0.0044 | G16: 0.0038 | H16: 0.0032 | I16: 0.0027 | J16: 0.0023 | K16: 0.0021 | L16: 0.002 | M16: 0.002
A17: Ratio = | B17: =((L/k)-A15)/(A16-A15) -> 0.66666667 | D17: 6 | E17: 0.0056 | F17: 0.0048 | G17: 0.0041 | H17: 0.0039 | I17: 0.0027 | J17: 0.0024 | K17: 0.0022 | L17: 0.0021 | M17: 0.002
D18: 6.5 | E18: 0.006 | F18: 0.0053 | G18: 0.0045 | H18: 0.0036 | I18: 0.003 | J18: 0.0025 | K18: 0.0023 | L18: 0.0022 | M18: 0.0021
D19: 7 | E19: 0.0063 | F19: 0.0055 | G19: 0.0047 | H19: 0.0038 | I19: 0.0032 | J19: 0.0026 | K19: 0.0024 | L19: 0.0023 | M19: 0.0022
D20: 7.5 | E20: 0.0065 | F20: 0.0057 | G20: 0.0048 | H20: 0.0039 | I20: 0.0033 | J20: 0.0027 | K20: 0.0024 | L20: 0.0023 | M20: 0.0022
D21: 8 | E21: 0.0067 | F21: 0.0058 | G21: 0.0049 | H21: 0.004 | I21: 0.0034 | J21: 0.0028 | K21: 0.0025 | L21: 0.0024 | M21: 0.0023
D22: 8.5 | E22: 0.0068 | F22: 0.006 | G22: 0.0051 | H22: 0.0042 | I22: 0.0034 | J22: 0.0028 | K22: 0.0025 | L22: 0.0024 | M22: 0.0023
D23: 9 | E23: 0.007 | F23: 0.0061 | G23: 0.0052 | H23: 0.0043 | I23: 0.0035 | J23: 0.0029 | K23: 0.0025 | L23: 0.0024 | M23: 0.0023
D24: 10 | E24: 0.0072 | F24: 0.0063 | G24: 0.0054 | H24: 0.0044 | I24: 0.0036 | J24: 0.0029 | K24: 0.0026 | L24: 0.0024 | M24: 0.0023
D25: 12 | E25: 0.0075 | F25: 0.0065 | G25: 0.0055 | H25: 0.0045 | I25: 0.0037 | J25: 0.003 | K25: 0.0026 | L25: 0.0025 | M25: 0.0023
D26: 14 | E26: 0.0077 | F26: 0.0067 | G26: 0.0057 | H26: 0.0046 | I26: 0.0038 | J26: 0.0031 | K26: 0.0027 | L26: 0.0025 | M26: 0.0023
D27: 16 | E27: 0.0078 | F27: 0.0068 | G27: 0.0058 | H27: 0.0047 | I27: 0.0039 | J27: 0.0032 | K27: 0.0027 | L27: 0.0025 | M27: 0.0023
D28: 18 | E28: 0.0079 | F28: 0.0069 | G28: 0.0059 | H28: 0.0048 | I28: 0.0039 | J28: 0.0032 | K28: 0.0027 | L28: 0.0025 | M28: 0.0023
D29: 20 | E29: 0.0081 | F29: 0.0071 | G29: 0.006 | H29: 0.0048 | I29: 0.004 | J29: 0.0032 | K29: 0.0027 | L29: 0.0025 | M29: 0.0023
... D50: 1000 | E50: 0.009 | F50: 0.0078 | G50: 0.0066 | H50: 0.0053 | I50: 0.0043 | J50: 0.0033 | K50: 0.0026 | L50: 0.002 | M50: 0.0013
